{"is_leaf": true, "keys": [[278, [278, "Voskopoj\u00eb", 630, "06", "Kor\u00e7\u00eb County", 3, "AL", "Albania", 40.63306, 20.58889, "Q757298"]]], "children": [], "next_leaf": 234, "size": 1}