{"is_leaf": true, "keys": [[1136, [1136, "Hernando", 3642, "X", "C\u00f3rdoba", 11, "AR", "Argentina", -32.42657, -63.73333, "Q2648980"]], [1141, [1141, "Hoyo de Epuy\u00e9n", 3651, "U", "Chubut", 11, "AR", "Argentina", -42.07189, -71.50811, "Q3720934"]]], "children": [], "next_leaf": 782, "size": 2}