{"is_leaf": true, "keys": [[31305, [31305, "Cheria", 1117, "12", "T\u00e9bessa", 4, "DZ", "Algeria", 35.27306, 7.75194, "Q736205"]], [31306, [31306, "Chetouane", 1107, "13", "Tlemcen", 4, "DZ", "Algeria", 34.92129, -1.29512, "Q2962883"]]], "children": [], "next_leaf": 351, "size": 2}