{"is_leaf": true, "keys": [[31336, [31336, "El Idrissia", 1098, "17", "Djelfa", 4, "DZ", "Algeria", 34.44542, 2.52749, "Q1884792"]], [31337, [31337, "El Kala", 1100, "36", "El Tarf", 4, "DZ", "Algeria", 36.89556, 8.44333, "Q3050005"]]], "children": [], "next_leaf": 383, "size": 2}