{"is_leaf": true, "keys": [[31461, [31461, "Tolga", 1114, "07", "Biskra", 4, "DZ", "Algeria", 34.72224, 5.37845, "Q2280394"]]], "children": [], "next_leaf": 477, "size": 1}