{"is_leaf": true, "keys": [[1581, [1581, "Villa de Soto", 3642, "X", "C\u00f3rdoba", 11, "AR", "Argentina", -30.85523, -64.99947, "Q9093952"]]], "children": [], "next_leaf": 1206, "size": 1}