{"is_leaf": true, "keys": [[146198, [146198, "Mezaourou", 4902, "22", "Sidi Bel Abb\u00e8s", 4, "DZ", "Algeria", 34.8173267, -0.6233189, "Q1649368"]]], "children": [], "next_leaf": 510, "size": 1}