{"is_leaf": true, "keys": [[31463, [31463, "T\u00e9bessa", 1117, "12", "T\u00e9bessa", 4, "DZ", "Algeria", 35.40417, 8.12417, "Q984575"]]], "children": [], "next_leaf": 597, "size": 1}