{"is_leaf": true, "keys": [[125, [125, "Tag\u0101w-B\u0101y", 3885, "SAR", "Sar-e Pol", 1, "AF", "Afghanistan", 35.69941, 66.06164, "Q21742929"]]], "children": [], "next_leaf": 104, "size": 1}