{"is_leaf": true, "keys": [[31257, [31257, "Barika", 1142, "05", "Batna", 4, "DZ", "Algeria", 35.38901, 5.36584, "Q648253"]]], "children": [], "next_leaf": 304, "size": 1}