{"is_leaf": true, "keys": [[31464, [31464, "Zemoura", 1130, "48", "Relizane", 4, "DZ", "Algeria", 35.72251, 0.75509, "Q3324824"]], [31465, [31465, "Zeralda", 1115, "42", "Tipasa", 4, "DZ", "Algeria", 36.71169, 2.84244, "Q2215424"]]], "children": [], "next_leaf": 317, "size": 2}