{"is_leaf": true, "keys": [[1221, [1221, "Las Higueras", 3642, "X", "C\u00f3rdoba", 11, "AR", "Argentina", -33.09231, -64.28899, "Q21838493"]]], "children": [], "next_leaf": 1077, "size": 1}