{"is_leaf": true, "keys": [[31323, [31323, "Drean", 1103, "23", "Annaba", 4, "DZ", "Algeria", 36.68482, 7.75111, "Q1924629"]], [31324, [31324, "Ech Chettia", 1105, "02", "Chlef", 4, "DZ", "Algeria", 36.19591, 1.25537, "Q2962891"]]], "children": [], "next_leaf": 271, "size": 2}