{"is_leaf": true, "keys": [[31262, [31262, "Beni Douala", 1131, "15", "Tizi Ouzou", 4, "DZ", "Algeria", 36.61954, 4.08282, "Q2895885"]]], "children": [], "next_leaf": 627, "size": 1}