{"is_leaf": true, "keys": [[767, [767, "Ciervo Petiso", 3640, "H", "Chaco", 11, "AR", "Argentina", -26.58041, -59.63094, "Q5119715"]], [769, [769, "Cintra", 3642, "X", "C\u00f3rdoba", 11, "AR", "Argentina", -32.30673, -62.65214, "Q21842797"]]], "children": [], "next_leaf": 735, "size": 2}