{"is_leaf": true, "keys": [[168, [168, "Bashkia Kruj\u00eb", 639, "DR", "Durr\u00ebs District", 3, "AL", "Albania", 41.50091, 19.72571, "Q16350064"]], [169, [169, "Bashkia Kurbin", 609, "08", "Lezh\u00eb County", 3, "AL", "Albania", 41.62215, 19.70734, "Q16350064"]]], "children": [], "next_leaf": 116, "size": 2}