{"is_leaf": true, "keys": [[225, [225, "Libohov\u00eb", 621, "GJ", "Gjirokast\u00ebr District", 3, "AL", "Albania", 40.03111, 20.26306, "Q18738"]], [226, [226, "Libonik", 630, "06", "Kor\u00e7\u00eb County", 3, "AL", "Albania", 40.70444, 20.70861, "Q628181"]]], "children": [], "next_leaf": 167, "size": 2}