{"is_leaf": true, "keys": [[184, [184, "Bashkia Selenic\u00eb", 634, "12", "Vlor\u00eb County", 3, "AL", "Albania", 40.39503, 19.65958, "Q16350064"]], [185, [185, "Bashkia Shijak", 639, "DR", "Durr\u00ebs District", 3, "AL", "Albania", 41.33558, 19.58977, "Q16350064"]]], "children": [], "next_leaf": 122, "size": 2}