{"is_leaf": true, "keys": [[1464, [1464, "Santa Mar\u00eda", 3647, "K", "Catamarca", 11, "AR", "Argentina", -26.69547, -66.04732, "Q1012407"]], [1466, [1466, "Santa Rosa", 3638, "W", "Corrientes", 11, "AR", "Argentina", -28.26318, -58.11891, "Q21827837"]]], "children": [], "next_leaf": 1165, "size": 2}