{"is_leaf": true, "keys": [[31361, [31361, "Khemis Miliana", 1119, "44", "A\u00efn Defla", 4, "DZ", "Algeria", 36.26104, 2.22015, "Q954285"]]], "children": [], "next_leaf": 360, "size": 1}