{"is_leaf": true, "keys": [[31385, [31385, "Messaad", 1098, "17", "Djelfa", 4, "DZ", "Algeria", 34.15429, 3.50309, "Q609487"]]], "children": [], "next_leaf": 420, "size": 1}