{"is_leaf": true, "keys": [[1308, [1308, "Ord\u00f3\u00f1ez", 3642, "X", "C\u00f3rdoba", 11, "AR", "Argentina", -32.84057, -62.86552, "Q10341376"]], [1311, [1311, "Palmar Grande", 3638, "W", "Corrientes", 11, "AR", "Argentina", -27.94195, -57.90057, "Q21827359"]]], "children": [], "next_leaf": 872, "size": 2}