{"is_leaf": true, "keys": [[31375, [31375, "Mascara", 1124, "29", "Mascara", 4, "DZ", "Algeria", 35.39664, 0.14027, "Q545707"]], [31376, [31376, "Mazouna", 1130, "48", "Relizane", 4, "DZ", "Algeria", 36.12232, 0.89865, "Q978267"]]], "children": [], "next_leaf": 349, "size": 2}