{"is_leaf": true, "keys": [[31439, [31439, "Sour el Ghozlane", 1104, "10", "Bou\u00efra", 4, "DZ", "Algeria", 36.14766, 3.69123, "Q312000"]], [31440, [31440, "S\u00e9tif", 1141, "19", "S\u00e9tif", 4, "DZ", "Algeria", 36.19112, 5.41373, "Q244004"]]], "children": [], "next_leaf": 364, "size": 2}