{"is_leaf": true, "keys": [[126, [126, "Taloqan", 3893, "TAK", "Takhar", 1, "AF", "Afghanistan", 36.73605, 69.53451, "Q477238"]], [127, [127, "Tarinkot", 3898, "URU", "Urozgan", 1, "AF", "Afghanistan", 32.62998, 65.87806, "Q989293"]]], "children": [], "next_leaf": 103, "size": 2}