{"is_leaf": true, "keys": [[31452, [31452, "Tindouf", 1120, "37", "Tindouf", 4, "DZ", "Algeria", 27.67111, -8.14743, "Q328510"]]], "children": [], "next_leaf": 594, "size": 1}