{"is_leaf": true, "keys": [[1347, [1347, "Presidencia de la Plaza", 3640, "H", "Chaco", 11, "AR", "Argentina", -27.00147, -59.84243, "Q1656867"]], [1349, [1349, "Pueblo Libertador", 3638, "W", "Corrientes", 11, "AR", "Argentina", -30.22087, -59.38981, "Q5394748"]]], "children": [], "next_leaf": 799, "size": 2}