{"is_leaf": true, "keys": [[217, [217, "Kuk\u00ebs", 623, "KU", "Kuk\u00ebs District", 3, "AL", "Albania", 42.07694, 20.42194, "Q210197"]], [218, [218, "Kurbnesh", 609, "08", "Lezh\u00eb County", 3, "AL", "Albania", 41.77972, 20.08361, "Q616927"]]], "children": [], "next_leaf": 125, "size": 2}