{"is_leaf": true, "keys": [[1228, [1228, "Las Perdices", 3642, "X", "C\u00f3rdoba", 11, "AR", "Argentina", -32.69794, -63.70634, "Q21838558"]]], "children": [], "next_leaf": 1080, "size": 1}