{"is_leaf": true, "keys": [[238, [238, "Poli\u00e7an", 629, "BR", "Berat District", 3, "AL", "Albania", 40.61222, 20.09806, "Q18751"]], [239, [239, "Puk\u00eb", 626, "SH", "Shkod\u00ebr District", 3, "AL", "Albania", 42.04444, 19.89972, "Q19310"]]], "children": [], "next_leaf": 183, "size": 2}