{"is_leaf": true, "keys": [[1479, [1479, "Saturnino M. Laspiur", 3642, "X", "C\u00f3rdoba", 11, "AR", "Argentina", -31.70287, -62.48202, "Q21834167"]]], "children": [], "next_leaf": 1172, "size": 1}