{"is_leaf": true, "keys": [[61, [61, "Charikar", 3895, "PAR", "Parwan", 1, "AF", "Afghanistan", 35.01361, 69.17139, "Q944395"]], [62, [62, "Ch\u012bras", 3885, "SAR", "Sar-e Pol", 1, "AF", "Afghanistan", 35.41674, 65.98234, "Q21760615"]]], "children": [], "next_leaf": 65, "size": 2}