{"is_leaf": true, "keys": [[31358, [31358, "Illizi", 1112, "33", "Illizi", 4, "DZ", "Algeria", 26.48333, 8.46667, "Q640740"]]], "children": [], "next_leaf": 564, "size": 1}