{"is_leaf": true, "keys": [[31235, [31235, "Arbatache", 1125, "35", "Boumerd\u00e8s", 4, "DZ", "Algeria", 36.63773, 3.37127, "Q23824843"]], [31236, [31236, "Arhribs", 1131, "15", "Tizi Ouzou", 4, "DZ", "Algeria", 36.79361, 4.31158, "Q1648638"]]], "children": [], "next_leaf": 350, "size": 2}