{"is_leaf": true, "keys": [[271, [271, "Tirana", 633, "TR", "Tirana District", 3, "AL", "Albania", 41.3275, 19.81889, "Q19689"]], [272, [272, "Ul\u00ebz", 610, "09", "Dib\u00ebr County", 3, "AL", "Albania", 41.68278, 19.89333, "Q2542462"]]], "children": [], "next_leaf": 133, "size": 2}