{"is_leaf": true, "keys": [[31344, [31344, "Feraoun", 1128, "06", "B\u00e9ja\u00efa", 4, "DZ", "Algeria", 36.56041, 4.85454, "Q2215098"]]], "children": [], "next_leaf": 605, "size": 1}