{"is_leaf": true, "keys": [[31301, [31301, "Chebli", 1111, "09", "Blida", 4, "DZ", "Algeria", 36.57722, 3.00917, "Q1649700"]]], "children": [], "next_leaf": 570, "size": 1}