{"is_leaf": true, "keys": [[1292, [1292, "Morrison", 3642, "X", "C\u00f3rdoba", 11, "AR", "Argentina", -32.5948, -62.83455, "Q21837657"]], [1293, [1293, "Morteros", 3642, "X", "C\u00f3rdoba", 11, "AR", "Argentina", -30.71164, -61.99862, "Q953723"]]], "children": [], "next_leaf": 793, "size": 2}