{"is_leaf": true, "keys": [[63, [63, "Darz\u0101b", 3886, "JOW", "Jowzjan", 1, "AF", "Afghanistan", 35.97744, 65.37828, "Q5196429"]], [64, [64, "Dasht-e Arch\u012b", 3900, "KDZ", "Kunduz Province", 1, "AF", "Afghanistan", 37.13333, 69.16667, "Q21758408"]]], "children": [], "next_leaf": 26, "size": 2}