{"is_leaf": true, "keys": [[1239, [1239, "Londres", 3647, "K", "Catamarca", 11, "AR", "Argentina", -27.71439, -67.13349, "Q930973"]], [1242, [1242, "Loreto", 3638, "W", "Corrientes", 11, "AR", "Argentina", -27.76834, -57.27531, "Q21827027"]]], "children": [], "next_leaf": 790, "size": 2}