{"is_leaf": true, "keys": [[1299, [1299, "Noetinger", 3642, "X", "C\u00f3rdoba", 11, "AR", "Argentina", -32.36597, -62.31126, "Q525771"]]], "children": [], "next_leaf": 1281, "size": 1}