{"is_leaf": true, "keys": [[31404, [31404, "Oum el Bouaghi", 1136, "04", "Oum El Bouaghi", 4, "DZ", "Algeria", 35.87541, 7.11353, "Q5478122"]], [31405, [31405, "Oumache", 1114, "07", "Biskra", 4, "DZ", "Algeria", 34.69292, 5.68092, "Q3358295"]]], "children": [], "next_leaf": 268, "size": 2}