{"is_leaf": true, "keys": [[146219, [146219, "Telagh", 4902, "22", "Sidi Bel Abb\u00e8s", 4, "DZ", "Algeria", 34.7849064, -0.5731773, "Q2215476"]]], "children": [], "next_leaf": 554, "size": 1}