{"is_leaf": true, "keys": [[632, [632, "Saurimo", 220, "LSU", "Lunda Sul Province", 7, "AO", "Angola", -9.66078, 20.39155, "Q635017"]], [633, [633, "Soio", 214, "ZAI", "Zaire Province", 7, "AO", "Angola", -6.1349, 12.36894, "Q1015108"]]], "children": [], "next_leaf": 669, "size": 2}