{"is_leaf": true, "keys": [[31342, [31342, "El Tarf", 1100, "36", "El Tarf", 4, "DZ", "Algeria", 36.7672, 8.31377, "Q770653"]], [31343, [31343, "Es Senia", 1101, "31", "Oran", 4, "DZ", "Algeria", 35.64779, -0.62397, "Q649874"]]], "children": [], "next_leaf": 384, "size": 2}