{"is_leaf": true, "keys": [[31329, [31329, "El Amria", 1122, "46", "A\u00efn T\u00e9mouchent", 4, "DZ", "Algeria", 35.52439, -1.01577, "Q1657351"]], [31330, [31330, "El Aouinet", 1136, "04", "Oum El Bouaghi", 4, "DZ", "Algeria", 35.86691, 7.88673, "Q921801"]]], "children": [], "next_leaf": 275, "size": 2}