{"is_leaf": true, "keys": [[146213, [146213, "Tabia, Sid Bel Abb\u00e9s", 4902, "22", "Sidi Bel Abb\u00e8s", 4, "DZ", "Algeria", 35.0178366, -0.7338524, "Q3512757"]]], "children": [], "next_leaf": 541, "size": 1}