{"is_leaf": true, "keys": [[259, [259, "Rrethi i Tiran\u00ebs", 633, "TR", "Tirana District", 3, "AL", "Albania", 41.33333, 19.91667, "Q201073"]], [260, [260, "Rrogozhin\u00eb", 633, "TR", "Tirana District", 3, "AL", "Albania", 41.07639, 19.66528, "Q22008389"]]], "children": [], "next_leaf": 221, "size": 2}