{"is_leaf": true, "keys": [[31355, [31355, "H\u00e9liopolis", 1137, "24", "Guelma", 4, "DZ", "Algeria", 36.50361, 7.44278, "Q3144664"]]], "children": [], "next_leaf": 606, "size": 1}