{"is_leaf": true, "keys": [[31251, [31251, "A\u00efn Touta", 1142, "05", "Batna", 4, "DZ", "Algeria", 35.37675, 5.90001, "Q2876412"]]], "children": [], "next_leaf": 479, "size": 1}