{"is_leaf": true, "keys": [[719, [719, "Campo Largo", 3640, "H", "Chaco", 11, "AR", "Argentina", -26.80077, -60.84215, "Q21843910"]], [723, [723, "Canals", 3642, "X", "C\u00f3rdoba", 11, "AR", "Argentina", -33.56542, -62.88927, "Q2594504"]]], "children": [], "next_leaf": 809, "size": 2}