{"is_leaf": true, "keys": [[174, [174, "Bashkia Mallakast\u00ebr", 631, "04", "Fier County", 3, "AL", "Albania", 40.55669, 19.77347, "Q16350064"]], [175, [175, "Bashkia Mal\u00ebsi e Madhe", 626, "SH", "Shkod\u00ebr District", 3, "AL", "Albania", 42.36798, 19.58977, "Q16350064"]]], "children": [], "next_leaf": 163, "size": 2}