{"is_leaf": true, "keys": [[1549, [1549, "Villa Dolores", 3642, "X", "C\u00f3rdoba", 11, "AR", "Argentina", -31.94585, -65.18958, "Q374013"]]], "children": [], "next_leaf": 1214, "size": 1}