{"is_leaf": true, "keys": [[1314, [1314, "Pampa Almir\u00f3n", 3640, "H", "Chaco", 11, "AR", "Argentina", -26.70039, -59.12331, "Q1656116"]]], "children": [], "next_leaf": 874, "size": 1}