{"is_leaf": true, "keys": [[240, [240, "P\u00ebrmet", 621, "GJ", "Gjirokast\u00ebr District", 3, "AL", "Albania", 40.23361, 20.35167, "Q642856"]], [241, [241, "Roskovec", 631, "04", "Fier County", 3, "AL", "Albania", 40.7375, 19.70222, "Q18746"]]], "children": [], "next_leaf": 129, "size": 2}