{"is_leaf": true, "keys": [[598, [598, "Caxito", 221, "BGO", "Bengo Province", 7, "AO", "Angola", -8.57848, 13.66425, "Q956745"]], [599, [599, "Cazaji", 220, "LSU", "Lunda Sul Province", 7, "AO", "Angola", -11.06715, 20.70148, "Q956745"]]], "children": [], "next_leaf": 672, "size": 2}