{"is_leaf": true, "keys": [[1038, [1038, "Devoto", 3642, "X", "C\u00f3rdoba", 11, "AR", "Argentina", -31.40431, -62.30634, "Q21841792"]], [1039, [1039, "De\u00e1n Funes", 3642, "X", "C\u00f3rdoba", 11, "AR", "Argentina", -30.42036, -64.34984, "Q525817"]]], "children": [], "next_leaf": 918, "size": 2}