{"is_leaf": true, "keys": [[1194, [1194, "La Para", 3642, "X", "C\u00f3rdoba", 11, "AR", "Argentina", -30.89416, -63.00107, "Q977211"]], [1196, [1196, "La Playosa", 3642, "X", "C\u00f3rdoba", 11, "AR", "Argentina", -32.10002, -63.03088, "Q9018831"]]], "children": [], "next_leaf": 786, "size": 2}