{"is_leaf": true, "keys": [[1371, [1371, "Rada Tilly", 3651, "U", "Chubut", 11, "AR", "Argentina", -45.92462, -67.55424, "Q998325"]], [1374, [1374, "Rawson", 3651, "U", "Chubut", 11, "AR", "Argentina", -43.30016, -65.10228, "Q44208"]]], "children": [], "next_leaf": 889, "size": 2}