{"is_leaf": true, "keys": [[31417, [31417, "Salah Bey", 1141, "19", "S\u00e9tif", 4, "DZ", "Algeria", 35.85451, 5.29053, "Q3469526"]]], "children": [], "next_leaf": 593, "size": 1}