{"is_leaf": true, "keys": [[1160, [1160, "Ital\u00f3", 3642, "X", "C\u00f3rdoba", 11, "AR", "Argentina", -34.79237, -63.78199, "Q21840687"]]], "children": [], "next_leaf": 1273, "size": 1}