{"is_leaf": true, "keys": [[146200, [146200, "Moulay Slissen", 4902, "22", "Sidi Bel Abb\u00e8s", 4, "DZ", "Algeria", 34.81666667, -0.76666667, "Q1649394"]]], "children": [], "next_leaf": 517, "size": 1}