{"is_leaf": true, "keys": [[94, [94, "Markaz-e Woluswal\u012b-ye \u0100ch\u012bn", 3882, "NAN", "Nangarhar", 1, "AF", "Afghanistan", 34.12583, 70.70778, "Q476800"]], [95, [95, "Markaz-e \u1e28uk\u016bmat-e Darw\u0113sh\u0101n", 3873, "HEL", "Helmand", 1, "AF", "Afghanistan", 31.13231, 64.1934, "Q21758384"]]], "children": [], "next_leaf": 28, "size": 2}