{"is_leaf": true, "keys": [[1412, [1412, "San Basilio", 3642, "X", "C\u00f3rdoba", 11, "AR", "Argentina", -33.49763, -64.31495, "Q21833822"]]], "children": [], "next_leaf": 1155, "size": 1}