{"is_leaf": true, "keys": [[812, [812, "Cuesta Blanca", 3642, "X", "C\u00f3rdoba", 11, "AR", "Argentina", -31.48658, -64.5715, "Q637219"]], [813, [813, "Curuz\u00fa Cuati\u00e1", 3638, "W", "Corrientes", 11, "AR", "Argentina", -29.79171, -58.0546, "Q2364886"]]], "children": [], "next_leaf": 973, "size": 2}