{"is_leaf": true, "keys": [[1507, [1507, "Toledo", 3642, "X", "C\u00f3rdoba", 11, "AR", "Argentina", -31.55574, -64.00947, "Q21831641"]], [1512, [1512, "Trelew", 3651, "U", "Chubut", 11, "AR", "Argentina", -43.24895, -65.30505, "Q1009276"]]], "children": [], "next_leaf": 898, "size": 2}