{"is_leaf": true, "keys": [[1201, [1201, "La Tigra", 3640, "H", "Chaco", 11, "AR", "Argentina", -27.10996, -60.58719, "Q21838634"]]], "children": [], "next_leaf": 860, "size": 1}