{"is_leaf": true, "keys": [[1142, [1142, "Hualf\u00edn", 3647, "K", "Catamarca", 11, "AR", "Argentina", -27.22896, -66.83131, "Q1774287"]]], "children": [], "next_leaf": 1040, "size": 1}