{"is_leaf": true, "keys": [[31320, [31320, "Douera", 1115, "42", "Tipasa", 4, "DZ", "Algeria", 36.67, 2.94444, "Q1649106"]], [31321, [31321, "Draa Ben Khedda", 1131, "15", "Tizi Ouzou", 4, "DZ", "Algeria", 36.73436, 3.96223, "Q5306152"]]], "children": [], "next_leaf": 352, "size": 2}