{"is_leaf": true, "keys": [[31441, [31441, "Tadma\u00eft", 1125, "35", "Boumerd\u00e8s", 4, "DZ", "Algeria", 36.74413, 3.90045, "Q3513734"]]], "children": [], "next_leaf": 568, "size": 1}