{"is_leaf": true, "keys": [[1246, [1246, "Los Cocos", 3642, "X", "C\u00f3rdoba", 11, "AR", "Argentina", -30.92497, -64.50207, "Q6682609"]]], "children": [], "next_leaf": 1088, "size": 1}