{"is_leaf": true, "keys": [[1583, [1583, "Villa del Rosario", 3642, "X", "C\u00f3rdoba", 11, "AR", "Argentina", -31.5566, -63.53452, "Q2314221"]], [1585, [1585, "Villa del Totoral", 3642, "X", "C\u00f3rdoba", 11, "AR", "Argentina", -30.81667, -63.71667, "Q2636994"]]], "children": [], "next_leaf": 896, "size": 2}