{"is_leaf": true, "keys": [[1422, [1422, "San Francisco", 3642, "X", "C\u00f3rdoba", 11, "AR", "Argentina", -31.42797, -62.08266, "Q949535"]]], "children": [], "next_leaf": 1161, "size": 1}