{"is_leaf": true, "keys": [[31373, [31373, "Mansourah", 1116, "34", "Bordj Bou Arr\u00e9ridj", 4, "DZ", "Algeria", 36.08725, 4.45192, "Q3286577"]], [31374, [31374, "Manso\u00fbra", 1107, "13", "Tlemcen", 4, "DZ", "Algeria", 34.86158, -1.33935, "Q3286584"]]], "children": [], "next_leaf": 474, "size": 2}