{"is_leaf": true, "keys": [[102, [102, "N\u012bl\u012b", 3892, "DAY", "Daykundi", 1, "AF", "Afghanistan", 33.76329, 66.07617, "Q3218967"]]], "children": [], "next_leaf": 55, "size": 1}