{"is_leaf": true, "keys": [[31458, [31458, "Tizi Rached", 1131, "15", "Tizi Ouzou", 4, "DZ", "Algeria", 36.67176, 4.19176, "Q3529993"]]], "children": [], "next_leaf": 639, "size": 1}