{"is_leaf": true, "keys": [[1264, [1264, "Makall\u00e9", 3640, "H", "Chaco", 11, "AR", "Argentina", -27.20687, -59.28696, "Q602345"]]], "children": [], "next_leaf": 1091, "size": 1}