{"is_leaf": true, "keys": [[1190, [1190, "La Granja", 3642, "X", "C\u00f3rdoba", 11, "AR", "Argentina", -31.00919, -64.26869, "Q21840995"]]], "children": [], "next_leaf": 1068, "size": 1}