{"is_leaf": true, "keys": [[1467, [1467, "Santa Rosa de Calamuchita", 3642, "X", "C\u00f3rdoba", 11, "AR", "Argentina", -32.06905, -64.53631, "Q15329"]], [1468, [1468, "Santa Rosa de R\u00edo Primero", 3642, "X", "C\u00f3rdoba", 11, "AR", "Argentina", -31.15231, -63.40191, "Q2765854"]]], "children": [], "next_leaf": 890, "size": 2}