{"is_leaf": true, "keys": [[31231, [31231, "Amizour", 1128, "06", "B\u00e9ja\u00efa", 4, "DZ", "Algeria", 36.64022, 4.90131, "Q2214578"]]], "children": [], "next_leaf": 472, "size": 1}