{"is_leaf": true, "keys": [[802, [802, "Corralito", 3642, "X", "C\u00f3rdoba", 11, "AR", "Argentina", -32.02462, -64.19216, "Q21841392"]], [803, [803, "Corrientes", 3638, "W", "Corrientes", 11, "AR", "Argentina", -27.46784, -58.8344, "Q44211"]]], "children": [], "next_leaf": 828, "size": 2}