{"is_leaf": true, "keys": [[1410, [1410, "San Antonio de Lit\u00edn", 3642, "X", "C\u00f3rdoba", 11, "AR", "Argentina", -32.21377, -62.63237, "Q9073324"]]], "children": [], "next_leaf": 1153, "size": 1}