{"is_leaf": true, "keys": [[1191, [1191, "La Leonesa", 3640, "H", "Chaco", 11, "AR", "Argentina", -27.03786, -58.70347, "Q1657423"]]], "children": [], "next_leaf": 1069, "size": 1}