{"is_leaf": true, "keys": [[31433, [31433, "Sig", 1124, "29", "Mascara", 4, "DZ", "Algeria", 35.52832, -0.19369, "Q2744832"]]], "children": [], "next_leaf": 565, "size": 1}