{"is_leaf": true, "keys": [[31408, [31408, "Reguiba", 1099, "39", "El Oued", 4, "DZ", "Algeria", 33.56391, 6.70326, "Q3325064"]]], "children": [], "next_leaf": 633, "size": 1}