{"is_leaf": true, "keys": [[1216, [1216, "Las Bre\u00f1as", 3640, "H", "Chaco", 11, "AR", "Argentina", -27.08966, -61.08161, "Q1017552"]]], "children": [], "next_leaf": 923, "size": 1}