{"is_leaf": true, "keys": [[31310, [31310, "Constantine", 1121, "25", "Constantine", 4, "DZ", "Algeria", 36.365, 6.61472, "Q1093156"]], [31311, [31311, "Dar Chioukh", 1098, "17", "Djelfa", 4, "DZ", "Algeria", 34.89638, 3.48543, "Q3015935"]]], "children": [], "next_leaf": 294, "size": 2}