{"is_leaf": true, "keys": [[1586, [1586, "Villa \u00c1ngela", 3640, "H", "Chaco", 11, "AR", "Argentina", -27.57383, -60.71526, "Q1657303"]]], "children": [], "next_leaf": 1223, "size": 1}