{"is_leaf": true, "keys": [[140, [140, "\u1e28uk\u016bmat\u012b Dahanah-ye Gh\u014dr\u012b", 3875, "BGL", "Baghlan", 1, "AF", "Afghanistan", 35.90617, 68.48869, "Q5194960"]]], "children": [], "next_leaf": 110, "size": 1}