{"is_leaf": true, "keys": [[115, [115, "R\u0101ghist\u0101n", 3901, "BDS", "Badakhshan", 1, "AF", "Afghanistan", 37.66079, 70.67346, "Q2670909"]]], "children": [], "next_leaf": 96, "size": 1}