{"is_leaf": true, "keys": [[146199, [146199, "Moggar", 4902, "22", "Sidi Bel Abb\u00e8s", 4, "DZ", "Algeria", 33.26722222, 6.06777778, "Q12646398"]]], "children": [], "next_leaf": 516, "size": 1}