{"is_leaf": true, "keys": [[31282, [31282, "Bou Hanifia el Hamamat", 1124, "29", "Mascara", 4, "DZ", "Algeria", 35.31473, -0.05037, "Q2911890"]], [31283, [31283, "Bou Isma\u00efl", 1115, "42", "Tipasa", 4, "DZ", "Algeria", 36.64262, 2.69007, "Q1438489"]]], "children": [], "next_leaf": 441, "size": 2}