{"is_leaf": true, "keys": [[1322, [1322, "Pasco", 3642, "X", "C\u00f3rdoba", 11, "AR", "Argentina", -32.74733, -63.34232, "Q21835214"]]], "children": [], "next_leaf": 1283, "size": 1}