{"is_leaf": true, "keys": [[31325, [31325, "El Abadia", 1119, "44", "A\u00efn Defla", 4, "DZ", "Algeria", 36.26951, 1.68609, "Q1649058"]], [31326, [31326, "El Abiodh Sidi Cheikh", 1129, "32", "El Bayadh", 4, "DZ", "Algeria", 32.893, 0.54839, "Q3049673"]]], "children": [], "next_leaf": 342, "size": 2}