{"is_leaf": true, "keys": [[133, [133, "Zargh\u016bn Shahr", 3877, "PKA", "Paktika", 1, "AF", "Afghanistan", 32.84734, 68.44573, "Q21737614"]], [134, [134, "Za\u1e5fah Sharan", 3877, "PKA", "Paktika", 1, "AF", "Afghanistan", 33.14641, 68.79213, "Q2615863"]]], "children": [], "next_leaf": 50, "size": 2}