{"is_leaf": true, "keys": [[697, [697, "Boedo", 3656, "B", "Buenos Aires", 11, "AR", "Argentina", -34.63333, -58.41667, "Q890147"]], [698, [698, "Bonpland", 3638, "W", "Corrientes", 11, "AR", "Argentina", -29.81708, -57.42974, "Q4942564"]]], "children": [], "next_leaf": 960, "size": 2}