{"is_leaf": true, "keys": [[756, [756, "Chavarr\u00eda", 3638, "W", "Corrientes", 11, "AR", "Argentina", -28.95489, -58.57277, "Q5088475"]], [757, [757, "Chaz\u00f3n", 3642, "X", "C\u00f3rdoba", 11, "AR", "Argentina", -33.07872, -63.27657, "Q8345116"]]], "children": [], "next_leaf": 818, "size": 2}