{"is_leaf": true, "keys": [[1378, [1378, "Recreo", 3647, "K", "Catamarca", 11, "AR", "Argentina", -29.28184, -65.06096, "Q766923"]], [1379, [1379, "Resistencia", 3640, "H", "Chaco", 11, "AR", "Argentina", -27.46056, -58.98389, "Q44206"]]], "children": [], "next_leaf": 736, "size": 2}