{"is_leaf": true, "keys": [[31363, [31363, "Khenchela", 1126, "40", "Khenchela", 4, "DZ", "Algeria", 35.43583, 7.14333, "Q1649570"]], [31364, [31364, "Kolea", 1115, "42", "Tipasa", 4, "DZ", "Algeria", 36.63888, 2.76845, "Q3198497"]]], "children": [], "next_leaf": 576, "size": 2}