{"is_leaf": true, "keys": [[129, [129, "T\u012br Pul", 3887, "HER", "Herat", 1, "AF", "Afghanistan", 34.59431, 61.26895, "Q21740029"]], [130, [130, "Uruzg\u0101n", 3898, "URU", "Urozgan", 1, "AF", "Afghanistan", 32.92775, 66.63253, "Q21750884"]]], "children": [], "next_leaf": 8, "size": 2}