{"is_leaf": true, "keys": [[31345, [31345, "Freha", 1131, "15", "Tizi Ouzou", 4, "DZ", "Algeria", 36.75234, 4.3155, "Q1895391"]], [31346, [31346, "Frenda", 1106, "14", "Tiaret", 4, "DZ", "Algeria", 35.06544, 1.04945, "Q2215495"]]], "children": [], "next_leaf": 401, "size": 2}