{"is_leaf": true, "keys": [[207, [207, "Kam\u00ebz", 633, "TR", "Tirana District", 3, "AL", "Albania", 41.38167, 19.76028, "Q605160"]], [208, [208, "Kavaj\u00eb", 633, "TR", "Tirana District", 3, "AL", "Albania", 41.18556, 19.55694, "Q46702"]]], "children": [], "next_leaf": 150, "size": 2}