{"is_leaf": true, "keys": [[31450, [31450, "Timimoun", 1118, "01", "Adrar", 4, "DZ", "Algeria", 29.26388, 0.23098, "Q1021173"]], [31451, [31451, "Timizart", 1131, "15", "Tizi Ouzou", 4, "DZ", "Algeria", 36.8, 4.26667, "Q3529010"]]], "children": [], "next_leaf": 583, "size": 2}