{"is_leaf": true, "keys": [[106, [106, "Pul-e \u2018Alam", 3897, "LOG", "Logar", 1, "AF", "Afghanistan", 33.99529, 69.02274, "Q1006289"]], [107, [107, "P\u0101r\u016bn", 3880, "NUR", "Nuristan", 1, "AF", "Afghanistan", 35.42064, 70.92261, "Q1023669"]]], "children": [], "next_leaf": 22, "size": 2}