{"is_leaf": true, "keys": [[138, [138, "\u0100sm\u0101r", 3876, "KNR", "Kunar", 1, "AF", "Afghanistan", 35.03333, 71.35809, "Q21765090"]], [139, [139, "\u1e28uk\u016bmat\u012b Azrah", 3897, "LOG", "Logar", 1, "AF", "Afghanistan", 34.17355, 69.64573, "Q21765090"]]], "children": [], "next_leaf": 35, "size": 2}