{"is_leaf": true, "keys": [[1388, [1388, "R\u00edo Ceballos", 3642, "X", "C\u00f3rdoba", 11, "AR", "Argentina", -31.16486, -64.32241, "Q990605"]], [1390, [1390, "R\u00edo Cuarto", 3642, "X", "C\u00f3rdoba", 11, "AR", "Argentina", -33.13067, -64.34992, "Q983451"]]], "children": [], "next_leaf": 928, "size": 2}