{"is_leaf": true, "keys": [[1159, [1159, "Isla Verde", 3642, "X", "C\u00f3rdoba", 11, "AR", "Argentina", -33.24104, -62.40297, "Q21840678"]]], "children": [], "next_leaf": 1045, "size": 1}