{"is_leaf": true, "keys": [[181, [181, "Bashkia Puk\u00eb", 626, "SH", "Shkod\u00ebr District", 3, "AL", "Albania", 42.02997, 19.92778, "Q16350064"]], [182, [182, "Bashkia Pustec", 630, "06", "Kor\u00e7\u00eb County", 3, "AL", "Albania", 40.83591, 20.89405, "Q16350064"]]], "children": [], "next_leaf": 177, "size": 2}