{"is_leaf": true, "keys": [[146, [146, "Liberta", 3705, "06", "Saint Paul Parish", 10, "AG", "Antigua And Barbuda", 17.04141, -61.79052, "Q1771710"]], [147, [147, "Parham", 3704, "07", "Saint Peter Parish", 10, "AG", "Antigua And Barbuda", 17.09682, -61.77046, "Q376195"]]], "children": [], "next_leaf": 715, "size": 2}