{"is_leaf": true, "keys": [[1380, [1380, "Retiro", 3656, "B", "Buenos Aires", 11, "AR", "Argentina", -34.58333, -58.38333, "Q44206"]], [1382, [1382, "Riachuelo", 3638, "W", "Corrientes", 11, "AR", "Argentina", -27.58191, -58.74497, "Q21827593"]]], "children": [], "next_leaf": 1136, "size": 2}