{"is_leaf": true, "keys": [[668, [668, "Arias", 3642, "X", "C\u00f3rdoba", 11, "AR", "Argentina", -33.64411, -62.40272, "Q2693020"]]], "children": [], "next_leaf": 954, "size": 1}