{"is_leaf": true, "keys": [[109, [109, "Qal\u0101t", 3874, "ZAB", "Zabul", 1, "AF", "Afghanistan", 32.10575, 66.90833, "Q527318"]], [110, [110, "Qal\u2018ah-ye Shahr", 3885, "SAR", "Sar-e Pol", 1, "AF", "Afghanistan", 35.54729, 65.5676, "Q21750144"]]], "children": [], "next_leaf": 46, "size": 2}