{"is_leaf": true, "keys": [[163, [163, "Bashkia Kavaj\u00eb", 633, "TR", "Tirana District", 3, "AL", "Albania", 41.18127, 19.55579, "Q16350064"]], [164, [164, "Bashkia Kelcyr\u00eb", 621, "GJ", "Gjirokast\u00ebr District", 3, "AL", "Albania", 40.36196, 20.16476, "Q16350064"]]], "children": [], "next_leaf": 144, "size": 2}