{"is_leaf": true, "keys": [[31287, [31287, "Boufarik", 1111, "09", "Blida", 4, "DZ", "Algeria", 36.57413, 2.91214, "Q2344308"]], [31288, [31288, "Bougaa", 1141, "19", "S\u00e9tif", 4, "DZ", "Algeria", 36.33293, 5.08843, "Q2921542"]]], "children": [], "next_leaf": 327, "size": 2}