{"is_leaf": true, "keys": [[31268, [31268, "Berriane", 1127, "47", "Gharda\u00efa", 4, "DZ", "Algeria", 32.82648, 3.76689, "Q1649062"]], [31269, [31269, "Berrouaghia", 1109, "26", "M\u00e9d\u00e9a", 4, "DZ", "Algeria", 36.13516, 2.91085, "Q2214965"]]], "children": [], "next_leaf": 394, "size": 2}