{"is_leaf": true, "keys": [[146195, [146195, "Marhoum", 4902, "22", "Sidi Bel Abb\u00e8s", 4, "DZ", "Algeria", 34.4460042, -0.1950244, "Q3290834"]]], "children": [], "next_leaf": 506, "size": 1}