{"is_leaf": true, "keys": [[1169, [1169, "Jos\u00e9 de San Mart\u00edn", 3651, "U", "Chubut", 11, "AR", "Argentina", -44.05032, -70.46967, "Q1015513"]], [1171, [1171, "Juan Pujol", 3638, "W", "Corrientes", 11, "AR", "Argentina", -30.41873, -57.85612, "Q2313682"]]], "children": [], "next_leaf": 1053, "size": 2}