{"is_leaf": true, "keys": [[787, [787, "Comodoro Rivadavia", 3651, "U", "Chubut", 11, "AR", "Argentina", -45.86413, -67.49656, "Q221921"]], [789, [789, "Concepci\u00f3n", 3638, "W", "Corrientes", 11, "AR", "Argentina", -28.39175, -57.88777, "Q1016869"]]], "children": [], "next_leaf": 823, "size": 2}