{"is_leaf": true, "keys": [[31359, [31359, "Jijel", 1113, "18", "Jijel", 4, "DZ", "Algeria", 36.82055, 5.76671, "Q402726"]], [31360, [31360, "Karkira", 1110, "21", "Skikda", 4, "DZ", "Algeria", 36.92917, 6.58556, "Q1649432"]]], "children": [], "next_leaf": 297, "size": 2}