{"is_leaf": true, "keys": [[31255, [31255, "Baraki", 1115, "42", "Tipasa", 4, "DZ", "Algeria", 36.66655, 3.09606, "Q2736044"]], [31256, [31256, "Barbacha", 1128, "06", "B\u00e9ja\u00efa", 4, "DZ", "Algeria", 36.56667, 4.96667, "Q2214633"]]], "children": [], "next_leaf": 296, "size": 2}