{"is_leaf": true, "keys": [[146220, [146220, "Tenezara", 4902, "22", "Sidi Bel Abb\u00e8s", 4, "DZ", "Algeria", 34.9634117, -0.6144619, "Q3518076"]]], "children": [], "next_leaf": 555, "size": 1}