{"is_leaf": true, "keys": [[1538, [1538, "Villa Ascasubi", 3642, "X", "C\u00f3rdoba", 11, "AR", "Argentina", -32.16351, -63.89157, "Q1973813"]]], "children": [], "next_leaf": 1198, "size": 1}