{"is_leaf": true, "keys": [[1273, [1273, "Marull", 3642, "X", "C\u00f3rdoba", 11, "AR", "Argentina", -30.99471, -62.82576, "Q2500565"]]], "children": [], "next_leaf": 1099, "size": 1}