{"is_leaf": true, "keys": [[31369, [31369, "Larba\u00e2", 1111, "09", "Blida", 4, "DZ", "Algeria", 36.56471, 3.15434, "Q6488718"]]], "children": [], "next_leaf": 598, "size": 1}