{"is_leaf": true, "keys": [[31248, [31248, "A\u00efn Smara", 1121, "25", "Constantine", 4, "DZ", "Algeria", 36.2674, 6.50135, "Q2876376"]], [31249, [31249, "A\u00efn Taya", 1144, "16", "Algiers", 4, "DZ", "Algeria", 36.79333, 3.28694, "Q2876387"]]], "children": [], "next_leaf": 278, "size": 2}