{"is_leaf": true, "keys": [[52, [52, "Ashk\u0101sham", 3901, "BDS", "Badakhshan", 1, "AF", "Afghanistan", 36.68333, 71.53333, "Q4805192"]], [53, [53, "A\u012bbak", 3883, "SAM", "Samangan", 1, "AF", "Afghanistan", 36.26468, 68.01551, "Q1020649"]]], "children": [], "next_leaf": 15, "size": 2}