{"is_leaf": true, "keys": [[31387, [31387, "Mila", 1132, "43", "Mila", 4, "DZ", "Algeria", 36.45028, 6.26444, "Q335676"]]], "children": [], "next_leaf": 591, "size": 1}