{"is_leaf": true, "keys": [[31457, [31457, "Tizi Ouzou", 1131, "15", "Tizi Ouzou", 4, "DZ", "Algeria", 36.71182, 4.04591, "Q277201"]]], "children": [], "next_leaf": 620, "size": 1}