{"is_leaf": true, "keys": [[31228, [31228, "Aflou", 1138, "03", "Laghouat", 4, "DZ", "Algeria", 34.11279, 2.10228, "Q500560"]], [31229, [31229, "Akbou", 1128, "06", "B\u00e9ja\u00efa", 4, "DZ", "Algeria", 36.4575, 4.53494, "Q2828968"]]], "children": [], "next_leaf": 293, "size": 2}