{"is_leaf": true, "keys": [[31422, [31422, "Sedrata", 1143, "41", "Souk Ahras", 4, "DZ", "Algeria", 36.12868, 7.53376, "Q1649881"]], [31423, [31423, "Sidi Abdelli", 1107, "13", "Tlemcen", 4, "DZ", "Algeria", 35.06937, -1.13706, "Q3483155"]]], "children": [], "next_leaf": 422, "size": 2}