{"is_leaf": true, "keys": [[146188, [146188, "Ben Badis, Sid Bel Abb\u00e9s", 4902, "22", "Sidi Bel Abb\u00e8s", 4, "DZ", "Algeria", 34.95277778, -0.91444444, "Q2895336"]]], "children": [], "next_leaf": 492, "size": 1}