{"is_leaf": true, "keys": [[31424, [31424, "Sidi Akkacha", 1105, "02", "Chlef", 4, "DZ", "Algeria", 36.46472, 1.30258, "Q1650037"]]], "children": [], "next_leaf": 455, "size": 1}