{"is_leaf": true, "keys": [[31469, [31469, "\u2019A\u00efn Abid", 1121, "25", "Constantine", 4, "DZ", "Algeria", 36.23194, 6.94333, "Q1649776"]], [31470, [31470, "\u2019A\u00efn Benian", 1115, "42", "Tipasa", 4, "DZ", "Algeria", 36.80277, 2.92185, "Q2876264"]]], "children": [], "next_leaf": 471, "size": 2}