{"is_leaf": true, "keys": [[146196, [146196, "Megarine", 4902, "22", "Sidi Bel Abb\u00e8s", 4, "DZ", "Algeria", 33.1926232, 6.0934639, "Q2384877"]]], "children": [], "next_leaf": 507, "size": 1}