{"is_leaf": true, "keys": [[1341, [1341, "Porte\u00f1a", 3642, "X", "C\u00f3rdoba", 11, "AR", "Argentina", -31.01391, -62.0665, "Q2071003"]], [1343, [1343, "Pozo del Molle", 3642, "X", "C\u00f3rdoba", 11, "AR", "Argentina", -32.0186, -62.91984, "Q3909741"]]], "children": [], "next_leaf": 875, "size": 2}