{"is_leaf": true, "keys": [[1081, [1081, "Fontana", 3640, "H", "Chaco", 11, "AR", "Argentina", -27.41813, -59.02392, "Q923414"]], [1087, [1087, "Gaim\u00e1n", 3651, "U", "Chubut", 11, "AR", "Argentina", -43.2897, -65.4929, "Q106055"]]], "children": [], "next_leaf": 848, "size": 2}