{"is_leaf": true, "keys": [[615, [615, "Luanda", 222, "LUA", "Luanda Province", 7, "AO", "Angola", -8.83682, 13.23432, "Q3897"]], [616, [616, "Luau", 219, "MOX", "Moxico Province", 7, "AO", "Angola", -10.70727, 22.22466, "Q1872804"]]], "children": [], "next_leaf": 694, "size": 2}