{"is_leaf": true, "keys": [[656, [656, "Altos de Chipi\u00f3n", 3642, "X", "C\u00f3rdoba", 11, "AR", "Argentina", -30.9559, -62.33727, "Q3613347"]], [658, [658, "Alvear", 3638, "W", "Corrientes", 11, "AR", "Argentina", -29.09683, -56.55043, "Q2658439"]]], "children": [], "next_leaf": 744, "size": 2}