{"is_leaf": true, "keys": [[1179, [1179, "La Carlota", 3642, "X", "C\u00f3rdoba", 11, "AR", "Argentina", -33.41993, -63.29769, "Q2336157"]], [1180, [1180, "La Cesira", 3642, "X", "C\u00f3rdoba", 11, "AR", "Argentina", -33.95115, -62.97238, "Q10315018"]]], "children": [], "next_leaf": 855, "size": 2}