{"is_leaf": true, "keys": [[1296, [1296, "Napenay", 3640, "H", "Chaco", 11, "AR", "Argentina", -26.73333, -60.61667, "Q1579131"]]], "children": [], "next_leaf": 1115, "size": 1}