{"is_leaf": true, "keys": [[31395, [31395, "Oran", 1101, "31", "Oran", 4, "DZ", "Algeria", 35.69906, -0.63588, "Q131818"]], [31396, [31396, "Ouargla", 1139, "30", "Ouargla", 4, "DZ", "Algeria", 31.94932, 5.32502, "Q852469"]]], "children": [], "next_leaf": 372, "size": 2}