{"is_leaf": true, "keys": [[146187, [146187, "Belarbi", 4902, "22", "Sidi Bel Abb\u00e8s", 4, "DZ", "Algeria", 35.1514948, -0.4567909, "Q1648915"]]], "children": [], "next_leaf": 491, "size": 1}