{"is_leaf": true, "keys": [[146223, [146223, "Touggourt", 4902, "22", "Sidi Bel Abb\u00e8s", 4, "DZ", "Algeria", 33.1, 6.06666667, "Q852515"]], [146224, [146224, "Zerouala", 4902, "22", "Sidi Bel Abb\u00e8s", 4, "DZ", "Algeria", 35.2423245, -0.5221939, "Q1650844"]]], "children": [], "next_leaf": -1, "size": 2}