{"is_leaf": true, "keys": [[263, [263, "Sarand\u00eb", 634, "12", "Vlor\u00eb County", 3, "AL", "Albania", 39.87534, 20.00477, "Q193226"]], [264, [264, "Selenic\u00eb", 634, "12", "Vlor\u00eb County", 3, "AL", "Albania", 40.53056, 19.63583, "Q134613"]]], "children": [], "next_leaf": 154, "size": 2}