{"is_leaf": true, "keys": [[31331, [31331, "El Attaf", 1119, "44", "A\u00efn Defla", 4, "DZ", "Algeria", 36.22393, 1.67187, "Q1029528"]]], "children": [], "next_leaf": 481, "size": 1}