{"is_leaf": true, "keys": [[195, [195, "Delvin\u00eb", 634, "12", "Vlor\u00eb County", 3, "AL", "Albania", 39.95111, 20.09778, "Q372872"]], [196, [196, "Divjak\u00eb", 631, "04", "Fier County", 3, "AL", "Albania", 40.99667, 19.52944, "Q1945622"]]], "children": [], "next_leaf": 145, "size": 2}