{"is_leaf": true, "keys": [[146189, [146189, "Djamaa", 4902, "22", "Sidi Bel Abb\u00e8s", 4, "DZ", "Algeria", 33.5313787, 5.9909821, "Q3032751"]]], "children": [], "next_leaf": 494, "size": 1}