{"is_leaf": true, "keys": [[136, [136, "\u0100qchah", 3886, "JOW", "Jowzjan", 1, "AF", "Afghanistan", 36.905, 66.18341, "Q2246526"]], [137, [137, "\u0100rt Khw\u0101jah", 3893, "TAK", "Takhar", 1, "AF", "Afghanistan", 37.08571, 69.47958, "Q21765117"]]], "children": [], "next_leaf": 75, "size": 2}