{"is_leaf": true, "keys": [[1064, [1064, "Elena", 3642, "X", "C\u00f3rdoba", 11, "AR", "Argentina", -32.57205, -64.39481, "Q21842056"]]], "children": [], "next_leaf": 1029, "size": 1}