{"is_leaf": true, "keys": [[146211, [146211, "Sidi Yacoub", 4902, "22", "Sidi Bel Abb\u00e8s", 4, "DZ", "Algeria", 35.13333333, -0.78333333, "Q1649961"]]], "children": [], "next_leaf": 538, "size": 1}