{"is_leaf": true, "keys": [[31401, [31401, "Oued el Alleug", 1115, "42", "Tipasa", 4, "DZ", "Algeria", 36.55528, 2.79028, "Q941199"]], [31402, [31402, "Ouled Mimoun", 1107, "13", "Tlemcen", 4, "DZ", "Algeria", 34.90472, -1.03394, "Q2110236"]]], "children": [], "next_leaf": 363, "size": 2}