{"is_leaf": true, "keys": [[141, [141, "\u2018Al\u0101qahd\u0101r\u012b D\u012bsh\u016b", 3873, "HEL", "Helmand", 1, "AF", "Afghanistan", 30.43206, 63.29802, "Q5194960"]]], "children": [], "next_leaf": 720, "size": 1}