{"is_leaf": true, "keys": [[31466, [31466, "Zeribet el Oued", 1114, "07", "Biskra", 4, "DZ", "Algeria", 34.68284, 6.51109, "Q3575264"]]], "children": [], "next_leaf": 375, "size": 1}