{"is_leaf": true, "keys": [[1578, [1578, "Villa Tulumba", 3642, "X", "C\u00f3rdoba", 11, "AR", "Argentina", -30.39552, -64.12241, "Q3111419"]], [1580, [1580, "Villa Valeria", 3642, "X", "C\u00f3rdoba", 11, "AR", "Argentina", -34.34093, -64.9203, "Q9093936"]]], "children": [], "next_leaf": 1205, "size": 2}