{"is_leaf": true, "keys": [[113, [113, "Qarq\u012bn", 3886, "JOW", "Jowzjan", 1, "AF", "Afghanistan", 37.41853, 66.04358, "Q5199398"]], [114, [114, "Qar\u0101wul", 3900, "KDZ", "Kunduz Province", 1, "AF", "Afghanistan", 37.21959, 68.7802, "Q21748632"]]], "children": [], "next_leaf": 7, "size": 2}