{"is_leaf": true, "keys": [[1558, [1558, "Villa Huidobro", 3642, "X", "C\u00f3rdoba", 11, "AR", "Argentina", -34.83826, -64.58686, "Q2730365"]], [1560, [1560, "Villa Las Rosas", 3642, "X", "C\u00f3rdoba", 11, "AR", "Argentina", -31.95021, -65.05354, "Q9093939"]]], "children": [], "next_leaf": 738, "size": 2}