{"is_leaf": true, "keys": [[1401, [1401, "Salsacate", 3642, "X", "C\u00f3rdoba", 11, "AR", "Argentina", -31.31842, -65.09003, "Q3111167"]]], "children": [], "next_leaf": 1145, "size": 1}