{"is_leaf": true, "keys": [[31340, [31340, "El Malah", 1122, "46", "A\u00efn T\u00e9mouchent", 4, "DZ", "Algeria", 35.39137, -1.09238, "Q1649298"]]], "children": [], "next_leaf": 399, "size": 1}