{"is_leaf": true, "keys": [[1439, [1439, "San Luis del Palmar", 3638, "W", "Corrientes", 11, "AR", "Argentina", -27.5079, -58.55454, "Q1016055"]], [1443, [1443, "San Miguel", 3638, "W", "Corrientes", 11, "AR", "Argentina", -27.99585, -57.58964, "Q1016019"]]], "children": [], "next_leaf": 1164, "size": 2}