{"is_leaf": true, "keys": [[1535, [1535, "Vicu\u00f1a Mackenna", 3642, "X", "C\u00f3rdoba", 11, "AR", "Argentina", -33.91965, -64.39215, "Q918656"]]], "children": [], "next_leaf": 1195, "size": 1}