{"is_leaf": true, "keys": [[31446, [31446, "Telerghma", 1132, "43", "Mila", 4, "DZ", "Algeria", 36.11653, 6.35434, "Q3517295"]], [31447, [31447, "Thenia", 1125, "35", "Boumerd\u00e8s", 4, "DZ", "Algeria", 36.72544, 3.55665, "Q2225013"]]], "children": [], "next_leaf": 276, "size": 2}