{"is_leaf": true, "keys": [[1526, [1526, "Valle Hermoso", 3642, "X", "C\u00f3rdoba", 11, "AR", "Argentina", -31.11732, -64.48084, "Q9092406"]]], "children": [], "next_leaf": 1188, "size": 1}