{"is_leaf": true, "keys": [[1189, [1189, "La Francia", 3642, "X", "C\u00f3rdoba", 11, "AR", "Argentina", -31.40675, -62.63396, "Q9018548"]]], "children": [], "next_leaf": 1066, "size": 1}