{"is_leaf": true, "keys": [[1305, [1305, "Obispo Trejo", 3642, "X", "C\u00f3rdoba", 11, "AR", "Argentina", -30.78128, -63.41349, "Q3482948"]]], "children": [], "next_leaf": 1118, "size": 1}