{"is_leaf": true, "keys": [[230, [230, "Mborje", 630, "06", "Kor\u00e7\u00eb County", 3, "AL", "Albania", 40.60333, 20.80306, "Q16347657"]]], "children": [], "next_leaf": 217, "size": 1}