{"is_leaf": true, "keys": [[31302, [31302, "Chelghoum el A\u00efd", 1132, "43", "Mila", 4, "DZ", "Algeria", 36.16286, 6.16651, "Q23818040"]], [31303, [31303, "Chemini", 1131, "15", "Tizi Ouzou", 4, "DZ", "Algeria", 36.6, 4.61667, "Q2962465"]]], "children": [], "next_leaf": 585, "size": 2}