{"is_leaf": true, "keys": [[31425, [31425, "Sidi Amrane", 1139, "30", "Ouargla", 4, "DZ", "Algeria", 33.49885, 6.00803, "Q3325140"]], [31426, [31426, "Sidi A\u00efssa", 1134, "28", "M'Sila", 4, "DZ", "Algeria", 35.88548, 3.77236, "Q2214999"]]], "children": [], "next_leaf": 313, "size": 2}