{"is_leaf": true, "keys": [[191, [191, "Berat", 629, "BR", "Berat District", 3, "AL", "Albania", 40.70583, 19.95222, "Q170244"]], [192, [192, "Bilisht", 630, "06", "Kor\u00e7\u00eb County", 3, "AL", "Albania", 40.6275, 20.99, "Q817140"]]], "children": [], "next_leaf": 138, "size": 2}