{"is_leaf": true, "keys": [[267, [267, "Sh\u00ebngjin", 609, "08", "Lezh\u00eb County", 3, "AL", "Albania", 41.81361, 19.59389, "Q606485"]], [268, [268, "Sinaballaj", 633, "TR", "Tirana District", 3, "AL", "Albania", 41.06889, 19.69944, "Q602969"]]], "children": [], "next_leaf": 155, "size": 2}