{"is_leaf": true, "keys": [[1129, [1129, "Guatimoz\u00edn", 3642, "X", "C\u00f3rdoba", 11, "AR", "Argentina", -33.46149, -62.43844, "Q21840259"]], [1134, [1134, "Herlitzka", 3638, "W", "Corrientes", 11, "AR", "Argentina", -27.56516, -58.25557, "Q5894887"]]], "children": [], "next_leaf": 922, "size": 2}