{"is_leaf": true, "keys": [[1184, [1184, "La Cruz", 3638, "W", "Corrientes", 11, "AR", "Argentina", -29.17443, -56.64326, "Q1016042"]], [1185, [1185, "La Cumbre", 3642, "X", "C\u00f3rdoba", 11, "AR", "Argentina", -30.98201, -64.49139, "Q1798756"]]], "children": [], "next_leaf": 856, "size": 2}