{"is_leaf": true, "keys": [[31435, [31435, "Smala", 1130, "48", "Relizane", 4, "DZ", "Algeria", 35.71652, 0.75437, "Q2292517"]]], "children": [], "next_leaf": 579, "size": 1}