{"is_leaf": true, "keys": [[276, [276, "Vlor\u00eb", 634, "12", "Vlor\u00eb County", 3, "AL", "Albania", 40.4686, 19.48318, "Q159610"]], [277, [277, "Vor\u00eb", 633, "TR", "Tirana District", 3, "AL", "Albania", 41.39083, 19.655, "Q22007611"]]], "children": [], "next_leaf": 207, "size": 2}