{"is_leaf": true, "keys": [[611, [611, "Icolo e Bengo", 222, "LUA", "Luanda Province", 7, "AO", "Angola", -9.24191, 13.73549, "Q291729"]], [612, [612, "Jamba", 225, "HUI", "Hu\u00edla Province", 7, "AO", "Angola", -14.76294, 15.83493, "Q291729"]]], "children": [], "next_leaf": 654, "size": 2}