{"is_leaf": true, "keys": [[31436, [31436, "Sougueur", 1106, "14", "Tiaret", 4, "DZ", "Algeria", 35.18568, 1.49612, "Q1483423"]], [31437, [31437, "Souk Ahras", 1143, "41", "Souk Ahras", 4, "DZ", "Algeria", 36.28639, 7.95111, "Q402992"]]], "children": [], "next_leaf": 333, "size": 2}