{"is_leaf": true, "keys": [[146214, [146214, "Taibet", 4902, "22", "Sidi Bel Abb\u00e8s", 4, "DZ", "Algeria", 33.0839189, 6.3999653, "Q3513962"]]], "children": [], "next_leaf": 542, "size": 1}