{"is_leaf": true, "keys": [[146217, [146217, "Tebesbest", 4902, "22", "Sidi Bel Abb\u00e8s", 4, "DZ", "Algeria", 33.1200129, 6.0800743, "Q601174"]]], "children": [], "next_leaf": 550, "size": 1}