{"is_leaf": true, "keys": [[31370, [31370, "Lardjem", 1133, "38", "Tissemsilt", 4, "DZ", "Algeria", 35.74922, 1.54778, "Q3217877"]]], "children": [], "next_leaf": 611, "size": 1}