{"is_leaf": true, "keys": [[31254, [31254, "Bab Ezzouar", 1144, "16", "Algiers", 4, "DZ", "Algeria", 36.72615, 3.18291, "Q59579"]]], "children": [], "next_leaf": 584, "size": 1}