{"is_leaf": true, "keys": [[31299, [31299, "Chabet el Ameur", 1125, "35", "Boumerd\u00e8s", 4, "DZ", "Algeria", 36.63709, 3.69474, "Q37926868"]], [31300, [31300, "Charef", 1098, "17", "Djelfa", 4, "DZ", "Algeria", 34.62098, 2.79503, "Q1649151"]]], "children": [], "next_leaf": 330, "size": 2}