{"is_leaf": true, "keys": [[151, [151, "Bajram Curri", 623, "KU", "Kuk\u00ebs District", 3, "AL", "Albania", 42.35734, 20.07679, "Q18705"]], [152, [152, "Ballsh", 631, "04", "Fier County", 3, "AL", "Albania", 40.59889, 19.73472, "Q743016"]]], "children": [], "next_leaf": 113, "size": 2}