{"is_leaf": true, "keys": [[31367, [31367, "Laghouat", 1138, "03", "Laghouat", 4, "DZ", "Algeria", 33.8, 2.86514, "Q402733"]], [31368, [31368, "Lakhdaria", 1104, "10", "Bou\u00efra", 4, "DZ", "Algeria", 36.56463, 3.5933, "Q2522066"]]], "children": [], "next_leaf": 332, "size": 2}