{"is_leaf": true, "keys": [[66, [66, "Farah", 3899, "FRA", "Farah", 1, "AF", "Afghanistan", 32.37451, 62.11638, "Q593156"]], [67, [67, "Fayr\u014dz K\u014dh", 3888, "GHO", "Gh\u014dr", 1, "AF", "Afghanistan", 34.51952, 65.25093, "Q958621"]]], "children": [], "next_leaf": 1, "size": 2}