{"is_leaf": true, "keys": [[31234, [31234, "Aoulef", 1118, "01", "Adrar", 4, "DZ", "Algeria", 26.96667, 1.08333, "Q602548"]]], "children": [], "next_leaf": 601, "size": 1}