{"is_leaf": true, "keys": [[31353, [31353, "Hassi Messaoud", 1139, "30", "Ouargla", 4, "DZ", "Algeria", 31.68041, 6.07286, "Q1000139"]], [31354, [31354, "Hennaya", 1107, "13", "Tlemcen", 4, "DZ", "Algeria", 34.95139, -1.36806, "Q3130297"]]], "children": [], "next_leaf": 411, "size": 2}