{"is_leaf": true, "keys": [[31312, [31312, "Dar el Be\u00efda", 1144, "16", "Algiers", 4, "DZ", "Algeria", 36.71333, 3.2125, "Q59419"]], [31313, [31313, "Debila", 1099, "39", "El Oued", 4, "DZ", "Algeria", 33.51667, 6.95, "Q3020835"]]], "children": [], "next_leaf": 381, "size": 2}