{"is_leaf": true, "keys": [[31455, [31455, "Tissemsilt", 1133, "38", "Tissemsilt", 4, "DZ", "Algeria", 35.60722, 1.81081, "Q770447"]]], "children": [], "next_leaf": 617, "size": 1}