{"is_leaf": true, "keys": [[31230, [31230, "Algiers", 1144, "16", "Algiers", 4, "DZ", "Algeria", 36.73225, 3.08746, "Q3561"]]], "children": [], "next_leaf": 302, "size": 1}