{"is_leaf": true, "keys": [[31386, [31386, "Metlili Chaamba", 1127, "47", "Gharda\u00efa", 4, "DZ", "Algeria", 32.26667, 3.63333, "Q3307398"]]], "children": [], "next_leaf": 430, "size": 1}