{"is_leaf": true, "keys": [[1162, [1162, "Ituzaing\u00f3", 3638, "W", "Corrientes", 11, "AR", "Argentina", -27.58162, -56.68231, "Q1470601"]], [1163, [1163, "It\u00e1 Ibat\u00e9", 3638, "W", "Corrientes", 11, "AR", "Argentina", -27.42573, -57.33758, "Q5923221"]]], "children": [], "next_leaf": 1049, "size": 2}