{"is_leaf": true, "keys": [[178, [178, "Bashkia Mirdit\u00eb", 609, "08", "Lezh\u00eb County", 3, "AL", "Albania", 41.80953, 19.99024, "Q16350064"]], [179, [179, "Bashkia Patos", 631, "04", "Fier County", 3, "AL", "Albania", 40.67793, 19.65591, "Q16350064"]]], "children": [], "next_leaf": 117, "size": 2}