{"is_leaf": true, "keys": [[31314, [31314, "Dellys", 1125, "35", "Boumerd\u00e8s", 4, "DZ", "Algeria", 36.91716, 3.91311, "Q3021755"]]], "children": [], "next_leaf": 390, "size": 1}