{"is_leaf": true, "keys": [[31448, [31448, "Theniet el Had", 1119, "44", "A\u00efn Defla", 4, "DZ", "Algeria", 35.87111, 2.02806, "Q3054256"]], [31449, [31449, "Tiaret", 1106, "14", "Tiaret", 4, "DZ", "Algeria", 35.37103, 1.31699, "Q565568"]]], "children": [], "next_leaf": 306, "size": 2}