{"is_leaf": true, "keys": [[31261, [31261, "Beni Amrane", 1125, "35", "Boumerd\u00e8s", 4, "DZ", "Algeria", 36.66774, 3.59115, "Q2223571"]]], "children": [], "next_leaf": 602, "size": 1}