{"is_leaf": true, "keys": [[103, [103, "Paghm\u0101n", 3902, "KAB", "Kabul", 1, "AF", "Afghanistan", 34.58787, 68.95091, "Q2502256"]], [104, [104, "Panj\u0101b", 3872, "BAM", "Bamyan", 1, "AF", "Afghanistan", 34.38795, 67.02327, "Q7131225"]]], "children": [], "next_leaf": 11, "size": 2}