{"is_leaf": true, "keys": [[31411, [31411, "Robbah", 1099, "39", "El Oued", 4, "DZ", "Algeria", 33.27967, 6.90984, "Q2364827"]], [31412, [31412, "Rouached", 1132, "43", "Mila", 4, "DZ", "Algeria", 36.45774, 6.04267, "Q23791421"]]], "children": [], "next_leaf": 298, "size": 2}