{"is_leaf": true, "keys": [[1325, [1325, "Pedro R. Fern\u00e1ndez", 3638, "W", "Corrientes", 11, "AR", "Argentina", -28.75097, -58.65583, "Q6069905"]], [1327, [1327, "Perugorr\u00eda", 3638, "W", "Corrientes", 11, "AR", "Argentina", -29.34132, -58.61059, "Q6073076"]]], "children": [], "next_leaf": 1126, "size": 2}