{"is_leaf": true, "keys": [[210, [210, "Konispol", 634, "12", "Vlor\u00eb County", 3, "AL", "Albania", 39.65889, 20.18139, "Q18731"]], [211, [211, "Koplik", 626, "SH", "Shkod\u00ebr District", 3, "AL", "Albania", 42.21361, 19.43639, "Q991288"]]], "children": [], "next_leaf": 193, "size": 2}