{"is_leaf": true, "keys": [[1521, [1521, "Unquillo", 3642, "X", "C\u00f3rdoba", 11, "AR", "Argentina", -31.23073, -64.31615, "Q3120316"]]], "children": [], "next_leaf": 1186, "size": 1}