{"is_leaf": true, "keys": [[791, [791, "Concepci\u00f3n del Bermejo", 3640, "H", "Chaco", 11, "AR", "Argentina", -26.59926, -60.94617, "Q785491"]], [797, [797, "Coronel Baigorria", 3642, "X", "C\u00f3rdoba", 11, "AR", "Argentina", -32.8477, -64.36107, "Q8351097"]]], "children": [], "next_leaf": 827, "size": 2}