{"is_leaf": true, "keys": [[31388, [31388, "Mostaganem", 1140, "27", "Mostaganem", 4, "DZ", "Algeria", 35.93115, 0.08918, "Q849524"]], [31389, [31389, "Mouza\u00efa", 1115, "42", "Tipasa", 4, "DZ", "Algeria", 36.46695, 2.68991, "Q1649746"]]], "children": [], "next_leaf": 426, "size": 2}