{"is_leaf": true, "keys": [[146186, [146186, "Balidat Ameur", 4902, "22", "Sidi Bel Abb\u00e8s", 4, "DZ", "Algeria", 32.951389, 5.980556, "Q2906568"]]], "children": [], "next_leaf": 488, "size": 1}