{"is_leaf": true, "keys": [[146192, [146192, "Haoud El Hamra", 4902, "22", "Sidi Bel Abb\u00e8s", 4, "DZ", "Algeria", 31.88944444, 5.97305556, "Q12470040"]]], "children": [], "next_leaf": 500, "size": 1}