{"is_leaf": true, "keys": [[1461, [1461, "Santa Luc\u00eda", 3638, "W", "Corrientes", 11, "AR", "Argentina", -28.98746, -59.10287, "Q3949073"]], [1462, [1462, "Santa Magdalena", 3642, "X", "C\u00f3rdoba", 11, "AR", "Argentina", -34.51776, -63.94409, "Q1709980"]]], "children": [], "next_leaf": 805, "size": 2}