{"is_leaf": true, "keys": [[1519, [1519, "Ucacha", 3642, "X", "C\u00f3rdoba", 11, "AR", "Argentina", -33.03203, -63.50666, "Q2628025"]]], "children": [], "next_leaf": 1185, "size": 1}