{"is_leaf": true, "keys": [[99, [99, "M\u012br Bachah K\u014d\u1e6f", 3902, "KAB", "Kabul", 1, "AF", "Afghanistan", 34.74999, 69.11899, "Q6872026"]], [100, [100, "M\u012br\u0101b\u0101d", 3896, "NIM", "Nimruz", 1, "AF", "Afghanistan", 30.43624, 61.8383, "Q21751462"]]], "children": [], "next_leaf": 10, "size": 2}