{"is_leaf": true, "keys": [[1484, [1484, "Serrano", 3642, "X", "C\u00f3rdoba", 11, "AR", "Argentina", -34.46971, -63.53842, "Q974361"]], [1485, [1485, "Serrezuela", 3642, "X", "C\u00f3rdoba", 11, "AR", "Argentina", -30.63761, -65.38692, "Q21834373"]]], "children": [], "next_leaf": 892, "size": 2}