{"is_leaf": true, "keys": [[76, [76, "Jabal os Saraj", 3895, "PAR", "Parwan", 1, "AF", "Afghanistan", 35.11833, 69.23778, "Q670101"]], [77, [77, "Jal\u0101l\u0101b\u0101d", 3882, "NAN", "Nangarhar", 1, "AF", "Afghanistan", 34.42647, 70.45153, "Q183303"]]], "children": [], "next_leaf": 3, "size": 2}