{"is_leaf": true, "keys": [[31467, [31467, "el hed", 1128, "06", "B\u00e9ja\u00efa", 4, "DZ", "Algeria", 36.65, 4.77361, "Q3575264"]], [31468, [31468, "\u2018A\u00efn el Hadjel", 1134, "28", "M'Sila", 4, "DZ", "Algeria", 35.67003, 3.88153, "Q1649776"]]], "children": [], "next_leaf": 385, "size": 2}