{"is_leaf": true, "keys": [[31383, [31383, "Mers el Kebir", 1101, "31", "Oran", 4, "DZ", "Algeria", 35.7279, -0.7081, "Q31085"]], [31384, [31384, "Meskiana", 1136, "04", "Oum El Bouaghi", 4, "DZ", "Algeria", 35.63058, 7.66606, "Q3306857"]]], "children": [], "next_leaf": 402, "size": 2}