{"is_leaf": true, "keys": [[809, [809, "Cruz Alta", 3642, "X", "C\u00f3rdoba", 11, "AR", "Argentina", -33.00887, -61.80746, "Q21841539"]], [810, [810, "Cruz de los Milagros", 3638, "W", "Corrientes", 11, "AR", "Argentina", -28.83646, -59.00476, "Q21829416"]]], "children": [], "next_leaf": 987, "size": 2}