{"is_leaf": true, "keys": [[31409, [31409, "Relizane", 1130, "48", "Relizane", 4, "DZ", "Algeria", 35.73734, 0.55599, "Q402738"]], [31410, [31410, "Remchi", 1107, "13", "Tlemcen", 4, "DZ", "Algeria", 35.06196, -1.43362, "Q3424477"]]], "children": [], "next_leaf": 427, "size": 2}