{"is_leaf": true, "keys": [[1546, [1546, "Villa Concepci\u00f3n del T\u00edo", 3642, "X", "C\u00f3rdoba", 11, "AR", "Argentina", -31.32259, -62.81354, "Q6162106"]]], "children": [], "next_leaf": 1209, "size": 1}