{"is_leaf": true, "keys": [[8, [8, "Sant Juli\u00e0 de L\u00f2ria", 490, "06", "Sant Juli\u00e0 de L\u00f2ria", 6, "AD", "Andorra", 42.46372, 1.49129, "Q1120573"]], [9, [9, "la Massana", 493, "04", "La Massana", 6, "AD", "Andorra", 42.54499, 1.51483, "Q3820973"]]], "children": [], "next_leaf": 647, "size": 2}