{"is_leaf": true, "keys": [[1301, [1301, "Nuestra Se\u00f1ora del Rosario de Caa Cat\u00ed", 3638, "W", "Corrientes", 11, "AR", "Argentina", -27.75072, -57.62073, "Q682849"]], [1303, [1303, "Nueve de Julio", 3638, "W", "Corrientes", 11, "AR", "Argentina", -28.84051, -58.8265, "Q7068654"]]], "children": [], "next_leaf": 1116, "size": 2}