{"is_leaf": true, "keys": [[146201, [146201, "N'Goussa", 4902, "22", "Sidi Bel Abb\u00e8s", 4, "DZ", "Algeria", 32.1408797, 5.3082848, "Q3334101"]]], "children": [], "next_leaf": 519, "size": 1}