{"is_leaf": true, "keys": [[228, [228, "Maliq", 630, "06", "Kor\u00e7\u00eb County", 3, "AL", "Albania", 40.70583, 20.69972, "Q772248"]], [229, [229, "Mamurras", 609, "08", "Lezh\u00eb County", 3, "AL", "Albania", 41.5775, 19.69222, "Q991268"]]], "children": [], "next_leaf": 199, "size": 2}