{"is_leaf": true, "keys": [[1092, [1092, "Gastre", 3651, "U", "Chubut", 11, "AR", "Argentina", -42.26186, -69.22112, "Q1016275"]]], "children": [], "next_leaf": 1036, "size": 1}