{"is_leaf": true, "keys": [[1233, [1233, "Las Varillas", 3642, "X", "C\u00f3rdoba", 11, "AR", "Argentina", -31.87208, -62.71946, "Q10316445"]]], "children": [], "next_leaf": 1277, "size": 1}