{"is_leaf": true, "keys": [[1351, [1351, "Puerto Bermejo", 3640, "H", "Chaco", 11, "AR", "Argentina", -26.92739, -58.50917, "Q1656125"]], [1359, [1359, "Puerto Madryn", 3651, "U", "Chubut", 11, "AR", "Argentina", -42.7692, -65.03851, "Q748028"]]], "children": [], "next_leaf": 880, "size": 2}