{"is_leaf": true, "keys": [[1402, [1402, "Salsipuedes", 3642, "X", "C\u00f3rdoba", 11, "AR", "Argentina", -31.13725, -64.29589, "Q21833759"]]], "children": [], "next_leaf": 1147, "size": 1}