{"is_leaf": true, "keys": [[31413, [31413, "Rouiba", 1144, "16", "Algiers", 4, "DZ", "Algeria", 36.73829, 3.28079, "Q2215980"]], [31414, [31414, "Rouissat", 1139, "30", "Ouargla", 4, "DZ", "Algeria", 31.92427, 5.35018, "Q1649802"]]], "children": [], "next_leaf": 299, "size": 2}