{"is_leaf": true, "keys": [[31290, [31290, "Bouinan", 1111, "09", "Blida", 4, "DZ", "Algeria", 36.53167, 2.99194, "Q2921643"]], [31291, [31291, "Boukadir", 1105, "02", "Chlef", 4, "DZ", "Algeria", 36.06629, 1.12602, "Q1648911"]]], "children": [], "next_leaf": 301, "size": 2}