{"is_leaf": true, "keys": [[1150, [1150, "Idiaz\u00e1bal", 3642, "X", "C\u00f3rdoba", 11, "AR", "Argentina", -32.81411, -63.03252, "Q21840564"]]], "children": [], "next_leaf": 1042, "size": 1}