{"is_leaf": true, "keys": [[1014, [1014, "Departamento de Sauce", 3638, "W", "Corrientes", 11, "AR", "Argentina", -30.0, -58.66667, "Q630600"]], [1016, [1016, "Departamento de Sobremonte", 3642, "X", "C\u00f3rdoba", 11, "AR", "Argentina", -29.66667, -64.08333, "Q1063095"]]], "children": [], "next_leaf": 913, "size": 2}