{"is_leaf": true, "keys": [[1274, [1274, "Mattaldi", 3642, "X", "C\u00f3rdoba", 11, "AR", "Argentina", -34.48194, -64.17255, "Q21837152"]], [1275, [1275, "Mburucuy\u00e1", 3638, "W", "Corrientes", 11, "AR", "Argentina", -28.04532, -58.22835, "Q1015504"]]], "children": [], "next_leaf": 1104, "size": 2}