{"is_leaf": true, "keys": [[31365, [31365, "Ksar Chellala", 1106, "14", "Tiaret", 4, "DZ", "Algeria", 35.21222, 2.31889, "Q1648944"]], [31366, [31366, "Ksar el Boukhari", 1109, "26", "M\u00e9d\u00e9a", 4, "DZ", "Algeria", 35.88889, 2.74905, "Q3200144"]]], "children": [], "next_leaf": 418, "size": 2}