{"is_leaf": true, "keys": [[742, [742, "Cavanagh", 3642, "X", "C\u00f3rdoba", 11, "AR", "Argentina", -33.47606, -62.33888, "Q8342984"]], [744, [744, "Ca\u00f1ada de Luque", 3642, "X", "C\u00f3rdoba", 11, "AR", "Argentina", -30.73341, -63.72375, "Q8343231"]]], "children": [], "next_leaf": 815, "size": 2}