{"is_leaf": true, "keys": [[75, [75, "Im\u0101m \u015e\u0101\u1e29ib", 3900, "KDZ", "Kunduz Province", 1, "AF", "Afghanistan", 37.18897, 68.93644, "Q670101"]]], "children": [], "next_leaf": 88, "size": 1}