{"is_leaf": true, "keys": [[31276, [31276, "Blida", 1111, "09", "Blida", 4, "DZ", "Algeria", 36.47004, 2.8277, "Q216990"]], [31277, [31277, "Boghni", 1131, "15", "Tizi Ouzou", 4, "DZ", "Algeria", 36.54222, 3.95306, "Q1649016"]]], "children": [], "next_leaf": 339, "size": 2}