{"is_leaf": true, "keys": [[31244, [31244, "A\u00efn Fakroun", 1136, "04", "Oum El Bouaghi", 4, "DZ", "Algeria", 35.97108, 6.87374, "Q2876323"]], [31245, [31245, "A\u00efn Kercha", 1136, "04", "Oum El Bouaghi", 4, "DZ", "Algeria", 35.92472, 6.69528, "Q593739"]]], "children": [], "next_leaf": 433, "size": 2}