{"is_leaf": true, "keys": [[31265, [31265, "Beni Saf", 1122, "46", "A\u00efn T\u00e9mouchent", 4, "DZ", "Algeria", 35.30099, -1.38226, "Q80408"]], [31266, [31266, "Bensekrane", 1107, "13", "Tlemcen", 4, "DZ", "Algeria", 35.07465, -1.22431, "Q282544"]]], "children": [], "next_leaf": 387, "size": 2}