{"is_leaf": true, "keys": [[31407, [31407, "Regha\u00efa", 1125, "35", "Boumerd\u00e8s", 4, "DZ", "Algeria", 36.73587, 3.34018, "Q1649935"]]], "children": [], "next_leaf": 392, "size": 1}