{"is_leaf": true, "keys": [[1499, [1499, "Tecka", 3651, "U", "Chubut", 11, "AR", "Argentina", -43.49489, -70.8102, "Q2259996"]], [1502, [1502, "Ticino", 3642, "X", "C\u00f3rdoba", 11, "AR", "Argentina", -32.6935, -63.43606, "Q21831530"]]], "children": [], "next_leaf": 893, "size": 2}