{"is_leaf": true, "keys": [[146194, [146194, "Lamtar", 4902, "22", "Sidi Bel Abb\u00e8s", 4, "DZ", "Algeria", 35.070627, -0.79814, "Q3216882"]]], "children": [], "next_leaf": 503, "size": 1}