{"is_leaf": true, "keys": [[251, [251, "Rrethi i Kuk\u00ebsit", 623, "KU", "Kuk\u00ebs District", 3, "AL", "Albania", 42.0, 20.33333, "Q123395"]], [252, [252, "Rrethi i Kurbinit", 609, "08", "Lezh\u00eb County", 3, "AL", "Albania", 41.63333, 19.71667, "Q123602"]]], "children": [], "next_leaf": 130, "size": 2}