{"is_leaf": true, "keys": [[149, [149, "Potters Village", 3706, "04", "Saint John Parish", 10, "AG", "Antigua And Barbuda", 17.11337, -61.81962, "Q1771587"]], [150, [150, "Saint John\u2019s", 3706, "04", "Saint John Parish", 10, "AG", "Antigua And Barbuda", 17.12096, -61.84329, "Q36262"]]], "children": [], "next_leaf": 208, "size": 2}