{"is_leaf": true, "keys": [[913, [913, "Departamento de Ituzaing\u00f3", 3638, "W", "Corrientes", 11, "AR", "Argentina", -27.90085, -56.86604, "Q511702"]], [914, [914, "Departamento de Ju\u00e1rez Celman", 3642, "X", "C\u00f3rdoba", 11, "AR", "Argentina", -33.33333, -63.66667, "Q511702"]]], "children": [], "next_leaf": 767, "size": 2}