{"is_leaf": true, "keys": [[146221, [146221, "Tenira", 4902, "22", "Sidi Bel Abb\u00e8s", 4, "DZ", "Algeria", 35.0196642, -0.5320644, "Q1650283"]]], "children": [], "next_leaf": 557, "size": 1}