{"is_leaf": true, "keys": [[1018, [1018, "Departamento de Tehuelches", 3651, "U", "Chubut", 11, "AR", "Argentina", -44.22132, -70.2526, "Q980641"]], [1019, [1019, "Departamento de Telsen", 3651, "U", "Chubut", 11, "AR", "Argentina", -42.41667, -67.16667, "Q290328"]]], "children": [], "next_leaf": 774, "size": 2}