{"is_leaf": true, "keys": [[1364, [1364, "Puerto Vilelas", 3640, "H", "Chaco", 11, "AR", "Argentina", -27.51414, -58.93906, "Q1656101"]], [1368, [1368, "Quilino", 3642, "X", "C\u00f3rdoba", 11, "AR", "Argentina", -30.21397, -64.50063, "Q21836395"]]], "children": [], "next_leaf": 883, "size": 2}