{"is_leaf": true, "keys": [[31274, [31274, "Birkhadem", 1144, "16", "Algiers", 4, "DZ", "Algeria", 36.71499, 3.05002, "Q2904515"]]], "children": [], "next_leaf": 322, "size": 1}