{"is_leaf": true, "keys": [[146212, [146212, "Sidi Yahia", 4902, "22", "Sidi Bel Abb\u00e8s", 4, "DZ", "Algeria", 33.52166667, 5.94555556, "Q11811858"]]], "children": [], "next_leaf": 539, "size": 1}