{"is_leaf": true, "keys": [[31304, [31304, "Cheraga", 1115, "42", "Tipasa", 4, "DZ", "Algeria", 36.76775, 2.95924, "Q335751"]]], "children": [], "next_leaf": 629, "size": 1}