{"is_leaf": true, "keys": [[596, [596, "Catabola", 212, "BIE", "Bi\u00e9 Province", 7, "AO", "Angola", -12.15, 17.28333, "Q2341822"]], [597, [597, "Catumbela", 218, "BGU", "Benguela Province", 7, "AO", "Angola", -12.43002, 13.54677, "Q1051360"]]], "children": [], "next_leaf": 650, "size": 2}