{"is_leaf": true, "keys": [[1205, [1205, "Laboulaye", 3642, "X", "C\u00f3rdoba", 11, "AR", "Argentina", -34.12662, -63.39119, "Q2520086"]]], "children": [], "next_leaf": 1075, "size": 1}