{"is_leaf": true, "keys": [[121, [121, "Shahrak", 3888, "GHO", "Gh\u014dr", 1, "AF", "Afghanistan", 34.10737, 64.3052, "Q7461922"]], [122, [122, "Shibirgh\u0101n", 3886, "JOW", "Jowzjan", 1, "AF", "Afghanistan", 36.66757, 65.7529, "Q838954"]]], "children": [], "next_leaf": 48, "size": 2}