{"is_leaf": true, "keys": [[1416, [1416, "San Carlos", 3638, "W", "Corrientes", 11, "AR", "Argentina", -27.74586, -55.89731, "Q21827699"]], [1419, [1419, "San Cosme", 3638, "W", "Corrientes", 11, "AR", "Argentina", -27.37123, -58.51214, "Q21827707"]]], "children": [], "next_leaf": 802, "size": 2}