{"is_leaf": true, "keys": [[1167, [1167, "Jes\u00fas Mar\u00eda", 3642, "X", "C\u00f3rdoba", 11, "AR", "Argentina", -30.98153, -64.09424, "Q48288"]]], "children": [], "next_leaf": 1052, "size": 1}