{"is_leaf": true, "keys": [[31298, [31298, "B\u00e9char", 1108, "08", "B\u00e9char", 4, "DZ", "Algeria", 31.61667, -2.21667, "Q638704"]]], "children": [], "next_leaf": 388, "size": 1}