{"is_leaf": true, "keys": [[161, [161, "Bashkia Finiq", 634, "12", "Vlor\u00eb County", 3, "AL", "Albania", 39.84393, 20.16659, "Q16350064"]], [162, [162, "Bashkia Himar\u00eb", 634, "12", "Vlor\u00eb County", 3, "AL", "Albania", 40.11581, 19.81389, "Q16350064"]]], "children": [], "next_leaf": 236, "size": 2}