{"is_leaf": true, "keys": [[1288, [1288, "Monte Cristo", 3642, "X", "C\u00f3rdoba", 11, "AR", "Argentina", -31.34312, -63.94437, "Q21837558"]]], "children": [], "next_leaf": 1112, "size": 1}