{"is_leaf": true, "keys": [[805, [805, "Cosqu\u00edn", 3642, "X", "C\u00f3rdoba", 11, "AR", "Argentina", -31.24508, -64.46563, "Q48290"]], [806, [806, "Costa Sacate", 3642, "X", "C\u00f3rdoba", 11, "AR", "Argentina", -31.6477, -63.75935, "Q5574326"]]], "children": [], "next_leaf": 830, "size": 2}