{"is_leaf": true, "keys": [[31281, [31281, "Bordj el Kiffan", 1144, "16", "Algiers", 4, "DZ", "Algeria", 36.74871, 3.19249, "Q1184993"]]], "children": [], "next_leaf": 423, "size": 1}