{"is_leaf": true, "keys": [[1063, [1063, "El T\u00edo", 3642, "X", "C\u00f3rdoba", 11, "AR", "Argentina", -31.38357, -62.82938, "Q21842250"]]], "children": [], "next_leaf": 1028, "size": 1}