{"is_leaf": true, "keys": [[1415, [1415, "San Carlos", 3642, "X", "C\u00f3rdoba", 11, "AR", "Argentina", -31.17761, -65.10245, "Q967364"]]], "children": [], "next_leaf": 1289, "size": 1}