{"is_leaf": true, "keys": [[31341, [31341, "El Oued", 1099, "39", "El Oued", 4, "DZ", "Algeria", 33.35608, 6.86319, "Q1649298"]]], "children": [], "next_leaf": 445, "size": 1}