{"is_leaf": true, "keys": [[31352, [31352, "Hammamet", 1117, "12", "T\u00e9bessa", 4, "DZ", "Algeria", 35.44862, 7.95184, "Q3126511"]]], "children": [], "next_leaf": 630, "size": 1}