{"is_leaf": true, "keys": [[1396, [1396, "R\u00edo Tercero", 3642, "X", "C\u00f3rdoba", 11, "AR", "Argentina", -32.17301, -64.11405, "Q994351"]]], "children": [], "next_leaf": 1140, "size": 1}