{"is_leaf": true, "keys": [[146210, [146210, "Sidi Slimane", 4902, "22", "Sidi Bel Abb\u00e8s", 4, "DZ", "Algeria", 33.28861111, 6.09472222, "Q3483291"]]], "children": [], "next_leaf": 535, "size": 1}