{"is_leaf": true, "keys": [[1024, [1024, "Departamento de Tulumba", 3642, "X", "C\u00f3rdoba", 11, "AR", "Argentina", -30.25, -63.91667, "Q972349"]], [1029, [1029, "Departamento de Uni\u00f3n", 3642, "X", "C\u00f3rdoba", 11, "AR", "Argentina", -32.83333, -62.75, "Q2317932"]]], "children": [], "next_leaf": 775, "size": 2}