{"is_leaf": true, "keys": [[1037, [1037, "Despe\u00f1aderos", 3642, "X", "C\u00f3rdoba", 11, "AR", "Argentina", -31.81626, -64.28989, "Q5804390"]]], "children": [], "next_leaf": 1024, "size": 1}