{"is_leaf": true, "keys": [[31334, [31334, "El Hadjar", 1103, "23", "Annaba", 4, "DZ", "Algeria", 36.80377, 7.73684, "Q3043115"]], [31335, [31335, "El Hadjira", 1139, "30", "Ouargla", 4, "DZ", "Algeria", 32.61336, 5.51259, "Q3049930"]]], "children": [], "next_leaf": 397, "size": 2}