{"is_leaf": true, "keys": [[146197, [146197, "Merine", 4902, "22", "Sidi Bel Abb\u00e8s", 4, "DZ", "Algeria", 34.7807472, -0.4510403, "Q1649208"]]], "children": [], "next_leaf": 509, "size": 1}