{"is_leaf": true, "keys": [[1563, [1563, "Villa Mar\u00eda", 3642, "X", "C\u00f3rdoba", 11, "AR", "Argentina", -32.40751, -63.24016, "Q2525523"]], [1567, [1567, "Villa Nueva", 3642, "X", "C\u00f3rdoba", 11, "AR", "Argentina", -32.43293, -63.24763, "Q6162298"]]], "children": [], "next_leaf": 739, "size": 2}