{"is_leaf": true, "keys": [[1398, [1398, "Sacanta", 3642, "X", "C\u00f3rdoba", 11, "AR", "Argentina", -31.663, -63.04505, "Q9072519"]], [1399, [1399, "Saladas", 3638, "W", "Corrientes", 11, "AR", "Argentina", -28.25384, -58.62591, "Q544023"]]], "children": [], "next_leaf": 1141, "size": 2}