{"is_leaf": true, "keys": [[146209, [146209, "Sidi Hamadouche", 4902, "22", "Sidi Bel Abb\u00e8s", 4, "DZ", "Algeria", 35.29916667, -0.54888889, "Q1650247"]]], "children": [], "next_leaf": 534, "size": 1}