{"is_leaf": true, "keys": [[1203, [1203, "La Verde", 3640, "H", "Chaco", 11, "AR", "Argentina", -27.12634, -59.37352, "Q1657869"]]], "children": [], "next_leaf": 1072, "size": 1}