{"is_leaf": true, "keys": [[1229, [1229, "Las Plumas", 3651, "U", "Chubut", 11, "AR", "Argentina", -43.72058, -67.28319, "Q1530166"]]], "children": [], "next_leaf": 1084, "size": 1}