{"is_leaf": true, "keys": [[1582, [1582, "Villa del Dique", 3642, "X", "C\u00f3rdoba", 11, "AR", "Argentina", -32.17667, -64.45543, "Q2170454"]]], "children": [], "next_leaf": 1208, "size": 1}