{"is_leaf": true, "keys": [[1178, [1178, "La Calera", 3642, "X", "C\u00f3rdoba", 11, "AR", "Argentina", -31.34377, -64.33529, "Q21840871"]]], "children": [], "next_leaf": 1057, "size": 1}