{"is_leaf": true, "keys": [[685, [685, "Barranqueras", 3640, "H", "Chaco", 11, "AR", "Argentina", -27.48132, -58.93925, "Q2885504"]], [686, [686, "Basail", 3640, "H", "Chaco", 11, "AR", "Argentina", -27.88539, -59.28245, "Q1578997"]]], "children": [], "next_leaf": 729, "size": 2}