{"is_leaf": true, "keys": [[1394, [1394, "R\u00edo Pico", 3651, "U", "Chubut", 11, "AR", "Argentina", -44.17905, -71.36847, "Q1774299"]]], "children": [], "next_leaf": 1137, "size": 1}