{"is_leaf": true, "keys": [[1109, [1109, "General Pinedo", 3640, "H", "Chaco", 11, "AR", "Argentina", -27.31667, -61.28333, "Q611504"]], [1111, [1111, "General Roca", 3642, "X", "C\u00f3rdoba", 11, "AR", "Argentina", -32.73196, -61.91599, "Q21839890"]]], "children": [], "next_leaf": 854, "size": 2}