{"is_leaf": true, "keys": [[146203, [146203, "Rouissat", 4902, "22", "Sidi Bel Abb\u00e8s", 4, "DZ", "Algeria", 31.936576, 5.3354073, "Q1649802"]]], "children": [], "next_leaf": 523, "size": 1}