{"is_leaf": true, "keys": [[1145, [1145, "Huillapima", 3647, "K", "Catamarca", 11, "AR", "Argentina", -28.72533, -65.9787, "Q81653"]], [1146, [1146, "Huinca Renanc\u00f3", 3642, "X", "C\u00f3rdoba", 11, "AR", "Argentina", -34.84038, -64.3758, "Q2638654"]]], "children": [], "next_leaf": 785, "size": 2}