{"is_leaf": true, "keys": [[1493, [1493, "Taco Pozo", 3640, "H", "Chaco", 11, "AR", "Argentina", -25.61557, -63.26708, "Q1579288"]]], "children": [], "next_leaf": 1177, "size": 1}