{"is_leaf": true, "keys": [[1573, [1573, "Villa Reducci\u00f3n", 3642, "X", "C\u00f3rdoba", 11, "AR", "Argentina", -33.20105, -63.86234, "Q11071461"]], [1575, [1575, "Villa Rumipal", 3642, "X", "C\u00f3rdoba", 11, "AR", "Argentina", -32.1879, -64.48027, "Q10391476"]]], "children": [], "next_leaf": 743, "size": 2}