{"is_leaf": true, "keys": [[1283, [1283, "Miramar", 3642, "X", "C\u00f3rdoba", 11, "AR", "Argentina", -30.91859, -62.67814, "Q991707"]], [1284, [1284, "Mocoret\u00e1", 3638, "W", "Corrientes", 11, "AR", "Argentina", -30.61891, -57.96344, "Q55861"]]], "children": [], "next_leaf": 1108, "size": 2}