{"is_leaf": true, "keys": [[201, [201, "Fier-\u00c7if\u00e7i", 631, "04", "Fier County", 3, "AL", "Albania", 40.71667, 19.56667, "Q22012402"]], [202, [202, "Fush\u00eb-Arr\u00ebz", 626, "SH", "Shkod\u00ebr District", 3, "AL", "Albania", 42.06222, 20.01667, "Q22005048"]]], "children": [], "next_leaf": 149, "size": 2}