{"is_leaf": true, "keys": [[31239, [31239, "Azzaba", 1110, "21", "Skikda", 4, "DZ", "Algeria", 36.73944, 7.10528, "Q23823384"]], [31240, [31240, "A\u00efn Arnat", 1141, "19", "S\u00e9tif", 4, "DZ", "Algeria", 36.18683, 5.31347, "Q2876253"]]], "children": [], "next_leaf": 458, "size": 2}