{"is_leaf": true, "keys": [[78, [78, "Jurm", 3901, "BDS", "Badakhshan", 1, "AF", "Afghanistan", 36.86477, 70.83421, "Q10308323"]], [79, [79, "Kabul", 3902, "KAB", "Kabul", 1, "AF", "Afghanistan", 34.52813, 69.17233, "Q5838"]]], "children": [], "next_leaf": 44, "size": 2}