{"is_leaf": true, "keys": [[31400, [31400, "Oued el Abtal", 1124, "29", "Mascara", 4, "DZ", "Algeria", 35.45595, 0.68778, "Q3358012"]]], "children": [], "next_leaf": 631, "size": 1}