{"is_leaf": true, "keys": [[1049, [1049, "El Ara\u00f1ado", 3642, "X", "C\u00f3rdoba", 11, "AR", "Argentina", -31.7412, -62.89322, "Q5820863"]], [1058, [1058, "El Mait\u00e9n", 3651, "U", "Chubut", 11, "AR", "Argentina", -42.04924, -71.16693, "Q106050"]]], "children": [], "next_leaf": 777, "size": 2}