{"is_leaf": true, "keys": [[5, [5, "Encamp", 487, "03", "Encamp", 6, "AD", "Andorra", 42.53474, 1.58014, "Q24413"]], [6, [6, "Ordino", 491, "05", "Ordino", 6, "AD", "Andorra", 42.55623, 1.53319, "Q3885480"]]], "children": [], "next_leaf": 644, "size": 2}