{"is_leaf": true, "keys": [[31442, [31442, "Tamalous", 1110, "21", "Skikda", 4, "DZ", "Algeria", 36.83763, 6.64018, "Q1650231"]], [31443, [31443, "Tamanrasset", 1135, "11", "Tamanghasset", 4, "DZ", "Algeria", 22.785, 5.52278, "Q205792"]]], "children": [], "next_leaf": 365, "size": 2}