{"is_leaf": true, "keys": [[31419, [31419, "Sa\u00efda", 1123, "20", "Sa\u00efda", 4, "DZ", "Algeria", 34.83033, 0.15171, "Q401452"]], [31420, [31420, "Sebdou", 1107, "13", "Tlemcen", 4, "DZ", "Algeria", 34.63703, -1.33143, "Q1649930"]]], "children": [], "next_leaf": 308, "size": 2}