{"is_leaf": true, "keys": [[58, [58, "B\u0101sawul", 3882, "NAN", "Nangarhar", 1, "AF", "Afghanistan", 34.24749, 70.87218, "Q214495"]], [59, [59, "B\u0101z\u0101rak", 3881, "PAN", "Panjshir", 1, "AF", "Afghanistan", 35.31292, 69.51519, "Q214495"]]], "children": [], "next_leaf": 51, "size": 2}