{"is_leaf": true, "keys": [[1234, [1234, "Leones", 3642, "X", "C\u00f3rdoba", 11, "AR", "Argentina", -32.66174, -62.29678, "Q21838780"]]], "children": [], "next_leaf": 1278, "size": 1}