{"is_leaf": true, "keys": [[31399, [31399, "Oued Sly", 1105, "02", "Chlef", 4, "DZ", "Algeria", 36.10124, 1.19949, "Q1649555"]]], "children": [], "next_leaf": 592, "size": 1}