{"is_leaf": true, "keys": [[31308, [31308, "Chlef", 1105, "02", "Chlef", 4, "DZ", "Algeria", 36.16525, 1.33452, "Q849561"]]], "children": [], "next_leaf": 378, "size": 1}