{"is_leaf": true, "keys": [[124, [124, "Sidq\u0101b\u0101d", 3879, "KAP", "Kapisa", 1, "AF", "Afghanistan", 35.02298, 69.35112, "Q600514"]]], "children": [], "next_leaf": 99, "size": 1}