{"is_leaf": true, "keys": [[116, [116, "R\u016bdb\u0101r", 3896, "NIM", "Nimruz", 1, "AF", "Afghanistan", 30.15, 62.6, "Q21748160"]], [117, [117, "Sang-e Ch\u0101rak", 3885, "SAR", "Sar-e Pol", 1, "AF", "Afghanistan", 35.84972, 66.43694, "Q21748160"]]], "children": [], "next_leaf": 38, "size": 2}