{"is_leaf": true, "keys": [[31285, [31285, "Boudjima", 1131, "15", "Tizi Ouzou", 4, "DZ", "Algeria", 36.80218, 4.15187, "Q2921489"]], [31286, [31286, "Boudouaou", 1125, "35", "Boumerd\u00e8s", 4, "DZ", "Algeria", 36.72735, 3.40995, "Q311984"]]], "children": [], "next_leaf": 326, "size": 2}