{"is_leaf": true, "keys": [[31444, [31444, "Tazoult-Lambese", 1142, "05", "Batna", 4, "DZ", "Algeria", 35.48171, 6.26074, "Q1309744"]], [31445, [31445, "Tebesbest", 1139, "30", "Ouargla", 4, "DZ", "Algeria", 33.11667, 6.08333, "Q601174"]]], "children": [], "next_leaf": 429, "size": 2}