{"is_leaf": true, "keys": [[1066, [1066, "Embalse", 3642, "X", "C\u00f3rdoba", 11, "AR", "Argentina", -32.18, -64.41809, "Q1011693"]], [1068, [1068, "Empedrado", 3638, "W", "Corrientes", 11, "AR", "Argentina", -27.95178, -58.80584, "Q2792846"]]], "children": [], "next_leaf": 1034, "size": 2}