{"is_leaf": true, "keys": [[146204, [146204, "Sfissef", 4902, "22", "Sidi Bel Abb\u00e8s", 4, "DZ", "Algeria", 35.2344028, -0.2434158, "Q3481104"]]], "children": [], "next_leaf": 524, "size": 1}