{"is_leaf": true, "keys": [[818, [818, "Del Campillo", 3642, "X", "C\u00f3rdoba", 11, "AR", "Argentina", -34.37659, -64.49504, "Q8354470"]], [822, [822, "Departamento de Almirante Brown", 3640, "H", "Chaco", 11, "AR", "Argentina", -25.81662, -61.45576, "Q1190331"]]], "children": [], "next_leaf": 747, "size": 2}