{"is_leaf": true, "keys": [[1340, [1340, "Pom\u00e1n", 3647, "K", "Catamarca", 11, "AR", "Argentina", -28.39455, -66.22052, "Q2437304"]]], "children": [], "next_leaf": 1134, "size": 1}