{"is_leaf": true, "keys": [[1595, [1595, "Yataity Calle", 3638, "W", "Corrientes", 11, "AR", "Argentina", -29.01913, -58.90846, "Q21825635"]], [31226, [31226, "Abou el Hassan", 1105, "02", "Chlef", 4, "DZ", "Algeria", 36.41657, 1.19616, "Q2821729"]]], "children": [], "next_leaf": 264, "size": 2}