{"is_leaf": true, "keys": [[31348, [31348, "Guelma", 1137, "24", "Guelma", 4, "DZ", "Algeria", 36.46214, 7.42608, "Q609871"]]], "children": [], "next_leaf": 589, "size": 1}