{"is_leaf": true, "keys": [[31349, [31349, "Hadjout", 1115, "42", "Tipasa", 4, "DZ", "Algeria", 36.51257, 2.41382, "Q3125565"]], [31350, [31350, "Hamma Bouziane", 1121, "25", "Constantine", 4, "DZ", "Algeria", 36.41205, 6.59603, "Q3126488"]]], "children": [], "next_leaf": 280, "size": 2}