{"is_leaf": true, "keys": [[1393, [1393, "R\u00edo Mayo", 3651, "U", "Chubut", 11, "AR", "Argentina", -45.68573, -70.25797, "Q21833451"]]], "children": [], "next_leaf": 929, "size": 1}