{"is_leaf": true, "keys": [[31327, [31327, "El Achir", 1116, "34", "Bordj Bou Arr\u00e9ridj", 4, "DZ", "Algeria", 36.06386, 4.62744, "Q3049676"]], [31328, [31328, "El Affroun", 1115, "42", "Tipasa", 4, "DZ", "Algeria", 36.4701, 2.62528, "Q3049687"]]], "children": [], "next_leaf": 464, "size": 2}