{"is_leaf": true, "keys": [[198, [198, "Durr\u00ebs District", 639, "DR", "Durr\u00ebs District", 3, "AL", "Albania", 41.3166, 19.45, "Q37662"]], [199, [199, "Ersek\u00eb", 630, "06", "Kor\u00e7\u00eb County", 3, "AL", "Albania", 40.33778, 20.67889, "Q18793"]]], "children": [], "next_leaf": 166, "size": 2}