{"is_leaf": true, "keys": [[1096, [1096, "General Baldissera", 3642, "X", "C\u00f3rdoba", 11, "AR", "Argentina", -33.12246, -62.3063, "Q932486"]], [1097, [1097, "General Cabrera", 3642, "X", "C\u00f3rdoba", 11, "AR", "Argentina", -32.81313, -63.87243, "Q973090"]]], "children": [], "next_leaf": 850, "size": 2}