{"is_leaf": true, "keys": [[1541, [1541, "Villa Berna", 3642, "X", "C\u00f3rdoba", 11, "AR", "Argentina", -31.91419, -64.73249, "Q6162060"]]], "children": [], "next_leaf": 1199, "size": 1}