{"is_leaf": true, "keys": [[1472, [1472, "Santiago Temple", 3642, "X", "C\u00f3rdoba", 11, "AR", "Argentina", -31.38731, -63.41821, "Q9074307"]], [1476, [1476, "Santo Tom\u00e9", 3638, "W", "Corrientes", 11, "AR", "Argentina", -28.54939, -56.04077, "Q2031463"]]], "children": [], "next_leaf": 1169, "size": 2}