{"is_leaf": true, "keys": [[275, [275, "Vel\u00e7an", 630, "06", "Kor\u00e7\u00eb County", 3, "AL", "Albania", 40.95472, 20.46222, "Q285899"]]], "children": [], "next_leaf": 262, "size": 1}