{"is_leaf": true, "keys": [[31227, [31227, "Adrar", 1118, "01", "Adrar", 4, "DZ", "Algeria", 27.87429, -0.29388, "Q251181"]]], "children": [], "next_leaf": 417, "size": 1}