{"is_leaf": true, "keys": [[170, [170, "Bashkia Ku\u00e7ov\u00eb", 629, "BR", "Berat District", 3, "AL", "Albania", 40.82489, 19.9535, "Q16350064"]], [171, [171, "Bashkia Lezh\u00eb", 609, "08", "Lezh\u00eb County", 3, "AL", "Albania", 41.8132, 19.64121, "Q16350064"]]], "children": [], "next_leaf": 192, "size": 2}