{"is_leaf": true, "keys": [[31391, [31391, "M\u2019Sila", 1134, "28", "M'Sila", 4, "DZ", "Algeria", 35.70583, 4.54194, "Q402825"]], [31392, [31392, "Naama", 1102, "45", "Naama", 4, "DZ", "Algeria", 33.26667, -0.31667, "Q798212"]]], "children": [], "next_leaf": 361, "size": 2}