{"is_leaf": true, "keys": [[31279, [31279, "Bordj Ghdir", 1116, "34", "Bordj Bou Arr\u00e9ridj", 4, "DZ", "Algeria", 35.90111, 4.89806, "Q23820716"]], [31280, [31280, "Bordj Zemoura", 1116, "34", "Bordj Bou Arr\u00e9ridj", 4, "DZ", "Algeria", 36.27462, 4.85668, "Q1648662"]]], "children": [], "next_leaf": 292, "size": 2}