{"is_leaf": true, "keys": [[31477, [31477, "\u2019A\u00efn el Melh", 1134, "28", "M'Sila", 4, "DZ", "Algeria", 34.84146, 4.16383, "Q599887"]]], "children": [], "next_leaf": 484, "size": 1}