{"is_leaf": true, "keys": [[1289, [1289, "Monte Ma\u00edz", 3642, "X", "C\u00f3rdoba", 11, "AR", "Argentina", -33.20462, -62.60085, "Q9034750"]]], "children": [], "next_leaf": 1114, "size": 1}