{"is_leaf": true, "keys": [[31263, [31263, "Beni Mered", 1111, "09", "Blida", 4, "DZ", "Algeria", 36.52389, 2.86131, "Q2895897"]], [31264, [31264, "Beni Mester", 1107, "13", "Tlemcen", 4, "DZ", "Algeria", 34.87045, -1.42319, "Q1649238"]]], "children": [], "next_leaf": 285, "size": 2}