{"is_leaf": true, "keys": [[31378, [31378, "Megarine", 1139, "30", "Ouargla", 4, "DZ", "Algeria", 33.19195, 6.08695, "Q2384877"]]], "children": [], "next_leaf": 578, "size": 1}