{"is_leaf": true, "keys": [[1143, [1143, "Huanchillas", 3642, "X", "C\u00f3rdoba", 11, "AR", "Argentina", -33.66653, -63.63701, "Q21840489"]], [1144, [1144, "Huerta Grande", 3642, "X", "C\u00f3rdoba", 11, "AR", "Argentina", -31.07524, -64.49063, "Q21840531"]]], "children": [], "next_leaf": 783, "size": 2}