{"is_leaf": true, "keys": [[189, [189, "Bashkia Vlor\u00eb", 634, "12", "Vlor\u00eb County", 3, "AL", "Albania", 40.4134, 19.49792, "Q16350064"]], [190, [190, "Bashkia Vor\u00eb", 633, "TR", "Tirana District", 3, "AL", "Albania", 41.39804, 19.67703, "Q16350064"]]], "children": [], "next_leaf": 123, "size": 2}