{"is_leaf": true, "keys": [[232, [232, "Milot", 609, "08", "Lezh\u00eb County", 3, "AL", "Albania", 41.68389, 19.71556, "Q18749"]], [233, [233, "Orikum", 634, "12", "Vlor\u00eb County", 3, "AL", "Albania", 40.32528, 19.47139, "Q22009845"]]], "children": [], "next_leaf": 168, "size": 2}