{"is_leaf": true, "keys": [[31246, [31246, "A\u00efn Oussera", 1098, "17", "Djelfa", 4, "DZ", "Algeria", 35.45139, 2.90583, "Q651497"]], [31247, [31247, "A\u00efn Sefra", 1102, "45", "Naama", 4, "DZ", "Algeria", 32.75, -0.58333, "Q2745712"]]], "children": [], "next_leaf": 376, "size": 2}