{"is_leaf": true, "keys": [[31351, [31351, "Hammam Bou Hadjar", 1122, "46", "A\u00efn T\u00e9mouchent", 4, "DZ", "Algeria", 35.37889, -0.96778, "Q887319"]]], "children": [], "next_leaf": 571, "size": 1}