{"is_leaf": true, "keys": [[10, [10, "les Escaldes", 492, "08", "Escaldes-Engordany", 6, "AD", "Andorra", 42.50729, 1.53414, "Q1050185"]], [50, [50, "Andkhoy", 3889, "FYB", "Faryab", 1, "AF", "Afghanistan", 36.95293, 65.12376, "Q1054127"]]], "children": [], "next_leaf": 61, "size": 2}