{"is_leaf": true, "keys": [[1405, [1405, "Samuh\u00fa", 3640, "H", "Chaco", 11, "AR", "Argentina", -27.52116, -60.39167, "Q7413040"]], [1406, [1406, "San Agust\u00edn", 3642, "X", "C\u00f3rdoba", 11, "AR", "Argentina", -31.97681, -64.374, "Q1863952"]]], "children": [], "next_leaf": 801, "size": 2}