{"is_leaf": true, "keys": [[31403, [31403, "Ouled Moussa", 1125, "35", "Boumerd\u00e8s", 4, "DZ", "Algeria", 36.68394, 3.36661, "Q3055250"]]], "children": [], "next_leaf": 466, "size": 1}