{"is_leaf": true, "keys": [[31380, [31380, "Mekla", 1131, "15", "Tizi Ouzou", 4, "DZ", "Algeria", 36.68178, 4.26378, "Q1649145"]], [31381, [31381, "Melouza", 1116, "34", "Bordj Bou Arr\u00e9ridj", 4, "DZ", "Algeria", 35.97999, 4.18665, "Q23802689"]]], "children": [], "next_leaf": 311, "size": 2}