{"is_leaf": true, "keys": [[31421, [31421, "Seddouk", 1128, "06", "B\u00e9ja\u00efa", 4, "DZ", "Algeria", 36.54722, 4.68611, "Q2223541"]]], "children": [], "next_leaf": 638, "size": 1}