{"is_leaf": true, "keys": [[1249, [1249, "Los Frentones", 3640, "H", "Chaco", 11, "AR", "Argentina", -26.4077, -61.41367, "Q925007"]], [1254, [1254, "Los Surgentes", 3642, "X", "C\u00f3rdoba", 11, "AR", "Argentina", -32.98454, -62.02191, "Q5487799"]]], "children": [], "next_leaf": 792, "size": 2}