{"is_leaf": true, "keys": [[1532, [1532, "Viamonte", 3642, "X", "C\u00f3rdoba", 11, "AR", "Argentina", -33.74647, -63.09764, "Q21832337"]]], "children": [], "next_leaf": 1189, "size": 1}