{"is_leaf": true, "keys": [[701, [701, "Brinkmann", 3642, "X", "C\u00f3rdoba", 11, "AR", "Argentina", -30.86589, -62.03742, "Q17297395"]], [702, [702, "Buchardo", 3642, "X", "C\u00f3rdoba", 11, "AR", "Argentina", -34.72263, -63.5092, "Q8253269"]]], "children": [], "next_leaf": 732, "size": 2}