{"is_leaf": true, "keys": [[142, [142, "All Saints", 3704, "07", "Saint Peter Parish", 10, "AG", "Antigua And Barbuda", 17.06671, -61.79303, "Q1771715"]], [143, [143, "Bolands", 3707, "05", "Saint Mary Parish", 10, "AG", "Antigua And Barbuda", 17.06565, -61.87466, "Q1771701"]]], "children": [], "next_leaf": 713, "size": 2}