{"is_leaf": true, "keys": [[31237, [31237, "Arris", 1142, "05", "Batna", 4, "DZ", "Algeria", 35.25881, 6.34706, "Q1388056"]], [31238, [31238, "Azazga", 1131, "15", "Tizi Ouzou", 4, "DZ", "Algeria", 36.74472, 4.37222, "Q2875118"]]], "children": [], "next_leaf": 562, "size": 2}