{"is_leaf": true, "keys": [[1042, [1042, "Dolav\u00f3n", 3651, "U", "Chubut", 11, "AR", "Argentina", -43.30684, -65.70651, "Q106043"]]], "children": [], "next_leaf": 1025, "size": 1}