{"is_leaf": true, "keys": [[31393, [31393, "Naciria", 1125, "35", "Boumerd\u00e8s", 4, "DZ", "Algeria", 36.74625, 3.83163, "Q6957278"]], [31394, [31394, "Nedroma", 1107, "13", "Tlemcen", 4, "DZ", "Algeria", 35.01361, -1.74799, "Q2670516"]]], "children": [], "next_leaf": 453, "size": 2}