{"is_leaf": true, "keys": [[31332, [31332, "El Bayadh", 1129, "32", "El Bayadh", 4, "DZ", "Algeria", 33.68318, 1.01927, "Q648784"]], [31333, [31333, "El Eulma", 1141, "19", "S\u00e9tif", 4, "DZ", "Algeria", 36.15281, 5.69016, "Q401747"]]], "children": [], "next_leaf": 307, "size": 2}