{"is_leaf": true, "keys": [[31319, [31319, "Djidiouia", 1130, "48", "Relizane", 4, "DZ", "Algeria", 35.92989, 0.82871, "Q3032949"]]], "children": [], "next_leaf": 604, "size": 1}