{"is_leaf": true, "keys": [[1222, [1222, "Las Junturas", 3642, "X", "C\u00f3rdoba", 11, "AR", "Argentina", -31.83125, -63.45016, "Q9020468"]]], "children": [], "next_leaf": 1079, "size": 1}