{"is_leaf": true, "keys": [[31356, [31356, "I-n-Salah", 1135, "11", "Tamanghasset", 4, "DZ", "Algeria", 27.19351, 2.46069, "Q32061388"]], [31357, [31357, "Ighram", 1131, "15", "Tizi Ouzou", 4, "DZ", "Algeria", 36.46295, 4.50532, "Q2215840"]]], "children": [], "next_leaf": 412, "size": 2}