{"is_leaf": true, "keys": [[244, [244, "Rrethi i Delvin\u00ebs", 634, "12", "Vlor\u00eb County", 3, "AL", "Albania", 39.91667, 20.08333, "Q166959"]], [245, [245, "Rrethi i Devollit", 630, "06", "Kor\u00e7\u00eb County", 3, "AL", "Albania", 40.58333, 20.91667, "Q192126"]]], "children": [], "next_leaf": 152, "size": 2}