{"is_leaf": true, "keys": [[715, [715, "Camarones", 3651, "U", "Chubut", 11, "AR", "Argentina", -44.79709, -65.70994, "Q972040"]], [716, [716, "Camilo Aldao", 3642, "X", "C\u00f3rdoba", 11, "AR", "Argentina", -33.12745, -62.09453, "Q2128078"]]], "children": [], "next_leaf": 808, "size": 2}