{"is_leaf": true, "keys": [[1457, [1457, "Santa Eufemia", 3642, "X", "C\u00f3rdoba", 11, "AR", "Argentina", -33.17659, -63.28281, "Q10367830"]]], "children": [], "next_leaf": 1294, "size": 1}