{"is_leaf": true, "keys": [[31462, [31462, "Touggourt", 1139, "30", "Ouargla", 4, "DZ", "Algeria", 33.10527, 6.05796, "Q852515"]]], "children": [], "next_leaf": 572, "size": 1}