{"is_leaf": true, "keys": [[1537, [1537, "Villa Allende", 3642, "X", "C\u00f3rdoba", 11, "AR", "Argentina", -31.29458, -64.29538, "Q991758"]]], "children": [], "next_leaf": 1196, "size": 1}