{"is_leaf": true, "keys": [[31397, [31397, "Oued Fodda", 1105, "02", "Chlef", 4, "DZ", "Algeria", 36.18503, 1.53299, "Q3358021"]], [31398, [31398, "Oued Rhiou", 1130, "48", "Relizane", 4, "DZ", "Algeria", 35.96124, 0.91896, "Q1571443"]]], "children": [], "next_leaf": 424, "size": 2}