{"is_leaf": true, "keys": [[816, [816, "Dalmacio V\u00e9lez S\u00e1rsfield", 3642, "X", "C\u00f3rdoba", 11, "AR", "Argentina", -32.61072, -63.58038, "Q21841723"]]], "children": [], "next_leaf": 989, "size": 1}