{"is_leaf": true, "keys": [[146218, [146218, "Teghalimet", 4902, "22", "Sidi Bel Abb\u00e8s", 4, "DZ", "Algeria", 34.882833, -0.5600023, "Q3517138"]]], "children": [], "next_leaf": 551, "size": 1}