{"is_leaf": true, "keys": [[1591, [1591, "Wenceslao Escalante", 3642, "X", "C\u00f3rdoba", 11, "AR", "Argentina", -33.17303, -62.77078, "Q10393380"]]], "children": [], "next_leaf": 1297, "size": 1}