{"is_leaf": true, "keys": [[1181, [1181, "La Clotilde", 3640, "H", "Chaco", 11, "AR", "Argentina", -27.13333, -60.66667, "Q1656083"]]], "children": [], "next_leaf": 1276, "size": 1}