{"is_leaf": true, "keys": [[212, [212, "Kor\u00e7\u00eb", 630, "06", "Kor\u00e7\u00eb County", 3, "AL", "Albania", 40.61861, 20.78083, "Q116341"]], [213, [213, "Krrab\u00eb", 633, "TR", "Tirana District", 3, "AL", "Albania", 41.21556, 19.97139, "Q22009668"]]], "children": [], "next_leaf": 209, "size": 2}