{"is_leaf": true, "keys": [[69, [69, "Gardez", 3894, "PIA", "Paktia", 1, "AF", "Afghanistan", 33.59744, 69.22592, "Q467632"]], [70, [70, "Gereshk", 3873, "HEL", "Helmand", 1, "AF", "Afghanistan", 31.82089, 64.57005, "Q3735459"]]], "children": [], "next_leaf": 29, "size": 2}