{"is_leaf": true, "keys": [[1149, [1149, "Ica\u00f1o", 3647, "K", "Catamarca", 11, "AR", "Argentina", -28.91934, -65.32817, "Q3791626"]]], "children": [], "next_leaf": 1041, "size": 1}