{"is_leaf": true, "keys": [[1306, [1306, "Oliva", 3642, "X", "C\u00f3rdoba", 11, "AR", "Argentina", -32.04158, -63.56978, "Q3111948"]]], "children": [], "next_leaf": 1119, "size": 1}