{"is_leaf": true, "keys": [[31258, [31258, "Batna", 1142, "05", "Batna", 4, "DZ", "Algeria", 35.55597, 6.17414, "Q338844"]]], "children": [], "next_leaf": 321, "size": 1}