{"is_leaf": true, "keys": [[280, [280, "\u00c7orovod\u00eb", 629, "BR", "Berat District", 3, "AL", "Albania", 40.50417, 20.22722, "Q19307"]], [589, [589, "Belas", 222, "LUA", "Luanda Province", 7, "AO", "Angola", -9.06875, 13.16072, "Q727233"]]], "children": [], "next_leaf": 653, "size": 2}