{"is_leaf": true, "keys": [[215, [215, "Krum\u00eb", 623, "KU", "Kuk\u00ebs District", 3, "AL", "Albania", 42.19694, 20.41333, "Q958899"]], [216, [216, "Ksamil", 634, "12", "Vlor\u00eb County", 3, "AL", "Albania", 39.76889, 19.99972, "Q1790776"]]], "children": [], "next_leaf": 216, "size": 2}