{"is_leaf": true, "keys": [[247, [247, "Rrethi i Hasit", 623, "KU", "Kuk\u00ebs District", 3, "AL", "Albania", 42.16667, 20.33333, "Q207007"]], [248, [248, "Rrethi i Kavaj\u00ebs", 633, "TR", "Tirana District", 3, "AL", "Albania", 41.16667, 19.58333, "Q194182"]]], "children": [], "next_leaf": 203, "size": 2}