{"is_leaf": true, "keys": [[1088, [1088, "Gancedo", 3640, "H", "Chaco", 11, "AR", "Argentina", -27.49038, -61.67571, "Q1578967"]], [1089, [1089, "Garruchos", 3638, "W", "Corrientes", 11, "AR", "Argentina", -28.17208, -55.65406, "Q5875555"]]], "children": [], "next_leaf": 1035, "size": 2}