{"is_leaf": true, "keys": [[221, [221, "Lazarat", 621, "GJ", "Gjirokast\u00ebr District", 3, "AL", "Albania", 40.04667, 20.1475, "Q2713473"]], [222, [222, "La\u00e7", 609, "08", "Lezh\u00eb County", 3, "AL", "Albania", 41.63556, 19.71306, "Q18768"]]], "children": [], "next_leaf": 195, "size": 2}