{"is_leaf": true, "keys": [[157, [157, "Bashkia Divjak\u00eb", 631, "04", "Fier County", 3, "AL", "Albania", 40.95716, 19.52364, "Q16350064"]], [158, [158, "Bashkia Dropull", 621, "GJ", "Gjirokast\u00ebr District", 3, "AL", "Albania", 39.98584, 20.30529, "Q16350064"]]], "children": [], "next_leaf": 142, "size": 2}