{"is_leaf": true, "keys": [[31241, [31241, "A\u00efn Bessem", 1104, "10", "Bou\u00efra", 4, "DZ", "Algeria", 36.29333, 3.67319, "Q2876271"]], [31242, [31242, "A\u00efn Be\u00efda", 1136, "04", "Oum El Bouaghi", 4, "DZ", "Algeria", 35.79639, 7.39278, "Q2088349"]]], "children": [], "next_leaf": 270, "size": 2}