{"is_leaf": true, "keys": [[31456, [31456, "Tizi Gheniff", 1125, "35", "Boumerd\u00e8s", 4, "DZ", "Algeria", 36.58839, 3.77445, "Q3529984"]]], "children": [], "next_leaf": 619, "size": 1}