{"is_leaf": true, "keys": [[31275, [31275, "Biskra", 1114, "07", "Biskra", 4, "DZ", "Algeria", 34.85038, 5.72805, "Q312759"]]], "children": [], "next_leaf": 334, "size": 1}