{"is_leaf": true, "keys": [[84, [84, "Khand\u016bd", 3901, "BDS", "Badakhshan", 1, "AF", "Afghanistan", 36.95127, 72.318, "Q3290334"]], [84, [84, "Khand\u016bd", 3901, "BDS", "Badakhshan", 1, "AF", "Afghanistan", 36.95127, 72.318, "Q3290334"]]], "children": [], "next_leaf": 18, "size": 2}