{"is_leaf": true, "keys": [[677, [677, "Avi\u00e1 Terai", 3640, "H", "Chaco", 11, "AR", "Argentina", -26.68532, -60.7292, "Q528399"]], [681, [681, "Balnearia", 3642, "X", "C\u00f3rdoba", 11, "AR", "Argentina", -31.0088, -62.66733, "Q8240830"]]], "children": [], "next_leaf": 723, "size": 2}