{"is_leaf": true, "keys": [[31459, [31459, "Tizi-n-Tleta", 1131, "15", "Tizi Ouzou", 4, "DZ", "Algeria", 36.54569, 4.05712, "Q23782332"]], [31460, [31460, "Tlemcen", 1107, "13", "Tlemcen", 4, "DZ", "Algeria", 34.87833, -1.315, "Q185134"]]], "children": [], "next_leaf": 316, "size": 2}