{"is_leaf": true, "keys": [[31453, [31453, "Tipasa", 1115, "42", "Tipasa", 4, "DZ", "Algeria", 36.58972, 2.4475, "Q328510"]], [31454, [31454, "Tirmitine", 1131, "15", "Tizi Ouzou", 4, "DZ", "Algeria", 36.65393, 3.98143, "Q3529393"]]], "children": [], "next_leaf": 599, "size": 2}