{"is_leaf": true, "keys": [[205, [205, "Gjirokast\u00ebr", 621, "GJ", "Gjirokast\u00ebr District", 3, "AL", "Albania", 40.07583, 20.13889, "Q173690"]], [206, [206, "Himar\u00eb", 634, "12", "Vlor\u00eb County", 3, "AL", "Albania", 40.10167, 19.74472, "Q5765138"]]], "children": [], "next_leaf": 240, "size": 2}