{"is_leaf": true, "keys": [[223, [223, "Leskovik", 630, "06", "Kor\u00e7\u00eb County", 3, "AL", "Albania", 40.15139, 20.59722, "Q18768"]], [224, [224, "Lezh\u00eb", 609, "08", "Lezh\u00eb County", 3, "AL", "Albania", 41.78361, 19.64361, "Q169160"]]], "children": [], "next_leaf": 196, "size": 2}