{"is_leaf": true, "keys": [[31294, [31294, "Boumerdas", 1125, "35", "Boumerd\u00e8s", 4, "DZ", "Algeria", 36.76639, 3.47717, "Q770518"]], [31295, [31295, "Bou\u00efra", 1104, "10", "Bou\u00efra", 4, "DZ", "Algeria", 36.37489, 3.902, "Q722522"]]], "children": [], "next_leaf": 323, "size": 2}