{"is_leaf": true, "keys": [[623, [623, "Matala", 225, "HUI", "Hu\u00edla Province", 7, "AO", "Angola", -15.23967, 15.17246, "Q621001"]], [624, [624, "Mbanza Congo", 214, "ZAI", "Zaire Province", 7, "AO", "Angola", -6.26703, 14.2401, "Q500189"]]], "children": [], "next_leaf": 662, "size": 2}