{"is_leaf": true, "keys": [[31270, [31270, "Besbes", 1100, "36", "El Tarf", 4, "DZ", "Algeria", 36.70222, 7.84722, "Q1649634"]], [31271, [31271, "Bir el Ater", 1117, "12", "T\u00e9bessa", 4, "DZ", "Algeria", 34.74488, 8.06024, "Q2904370"]]], "children": [], "next_leaf": 440, "size": 2}