{"is_leaf": true, "keys": [[1248, [1248, "Los C\u00f3ndores", 3642, "X", "C\u00f3rdoba", 11, "AR", "Argentina", -32.31983, -64.27751, "Q21839069"]]], "children": [], "next_leaf": 1090, "size": 1}