{"is_leaf": true, "keys": [[172, [172, "Bashkia Libohov\u00eb", 621, "GJ", "Gjirokast\u00ebr District", 3, "AL", "Albania", 40.10754, 20.25753, "Q16350064"]], [173, [173, "Bashkia Maliq", 630, "06", "Kor\u00e7\u00eb County", 3, "AL", "Albania", 40.75508, 20.60748, "Q16350064"]]], "children": [], "next_leaf": 162, "size": 2}