{"is_leaf": true, "keys": [[31434, [31434, "Skikda", 1110, "21", "Skikda", 4, "DZ", "Algeria", 36.87617, 6.90921, "Q2292517"]]], "children": [], "next_leaf": 567, "size": 1}