{"is_leaf": true, "keys": [[31472, [31472, "\u2019A\u00efn Deheb", 1106, "14", "Tiaret", 4, "DZ", "Algeria", 34.84218, 1.54697, "Q2876264"]], [31473, [31473, "\u2019A\u00efn Merane", 1130, "48", "Relizane", 4, "DZ", "Algeria", 36.16277, 0.97037, "Q2876264"]]], "children": [], "next_leaf": 419, "size": 2}