{"is_leaf": true, "keys": [[1204, [1204, "Laborde", 3642, "X", "C\u00f3rdoba", 11, "AR", "Argentina", -33.15319, -62.85661, "Q850581"]]], "children": [], "next_leaf": 1073, "size": 1}