{"is_leaf": true, "keys": [[1286, [1286, "Monte Buey", 3642, "X", "C\u00f3rdoba", 11, "AR", "Argentina", -32.91642, -62.45669, "Q2506369"]], [1287, [1287, "Monte Caseros", 3638, "W", "Corrientes", 11, "AR", "Argentina", -30.25359, -57.63626, "Q765820"]]], "children": [], "next_leaf": 1111, "size": 2}