{"is_leaf": true, "keys": [[1188, [1188, "La Falda", 3642, "X", "C\u00f3rdoba", 11, "AR", "Argentina", -31.08841, -64.48987, "Q48294"]]], "children": [], "next_leaf": 1065, "size": 1}