{"is_leaf": true, "keys": [[641, [641, "Agua de Oro", 3642, "X", "C\u00f3rdoba", 11, "AR", "Argentina", -31.06661, -64.30017, "Q2215108"]], [645, [645, "Aldea San Antonio", 3654, "E", "Entre R\u00edos", 11, "AR", "Argentina", -32.62317, -58.70512, "Q4713475"]]], "children": [], "next_leaf": 941, "size": 2}