{"is_leaf": true, "keys": [[1333, [1333, "Pilar", 3642, "X", "C\u00f3rdoba", 11, "AR", "Argentina", -31.6789, -63.87964, "Q7193761"]], [1335, [1335, "Piquill\u00edn", 3642, "X", "C\u00f3rdoba", 11, "AR", "Argentina", -31.30158, -63.75788, "Q6076671"]]], "children": [], "next_leaf": 798, "size": 2}