{"is_leaf": true, "keys": [[780, [780, "Colonia La Tordilla", 3642, "X", "C\u00f3rdoba", 11, "AR", "Argentina", -31.23746, -63.06134, "Q21842946"]], [781, [781, "Colonia San Bartolom\u00e9", 3642, "X", "C\u00f3rdoba", 11, "AR", "Argentina", -31.5278, -62.72436, "Q5777842"]]], "children": [], "next_leaf": 822, "size": 2}