{"is_leaf": true, "keys": [[91, [91, "Lab-Sar", 3884, "BAL", "Balkh", 1, "AF", "Afghanistan", 36.02634, 66.83799, "Q21813067"]], [92, [92, "Larkird", 3885, "SAR", "Sar-e Pol", 1, "AF", "Afghanistan", 35.48936, 66.66409, "Q21752020"]]], "children": [], "next_leaf": 36, "size": 2}