{"is_leaf": true, "keys": [[273, [273, "Ura Vajgurore", 629, "BR", "Berat District", 3, "AL", "Albania", 40.76889, 19.87778, "Q1524575"]], [274, [274, "Vau i Dej\u00ebs", 626, "SH", "Shkod\u00ebr District", 3, "AL", "Albania", 42.01, 19.62472, "Q1787536"]]], "children": [], "next_leaf": 205, "size": 2}