{"is_leaf": true, "keys": [[733, [733, "Carnerillo", 3642, "X", "C\u00f3rdoba", 11, "AR", "Argentina", -32.91371, -64.02175, "Q8338730"]], [734, [734, "Carrilobo", 3642, "X", "C\u00f3rdoba", 11, "AR", "Argentina", -31.87296, -63.11715, "Q8341370"]]], "children": [], "next_leaf": 812, "size": 2}