{"is_leaf": true, "keys": [[256, [256, "Rrethi i Matit", 610, "09", "Dib\u00ebr County", 3, "AL", "Albania", 41.58333, 20.08333, "Q202665"]], [257, [257, "Rrethi i Shkodr\u00ebs", 626, "SH", "Shkod\u00ebr District", 3, "AL", "Albania", 42.06917, 19.53506, "Q194176"]]], "children": [], "next_leaf": 132, "size": 2}