{"is_leaf": true, "keys": [[146191, [146191, "El Hadjira", 4902, "22", "Sidi Bel Abb\u00e8s", 4, "DZ", "Algeria", 32.61666667, 5.51666667, "Q3049930"]]], "children": [], "next_leaf": 499, "size": 1}