{"is_leaf": true, "keys": [[603, [603, "Chicomba", 225, "HUI", "Hu\u00edla Province", 7, "AO", "Angola", -14.30788, 14.98672, "Q1052090"]], [604, [604, "Chipindo", 225, "HUI", "Hu\u00edla Province", 7, "AO", "Angola", -13.8683, 15.73277, "Q1052090"]]], "children": [], "next_leaf": 661, "size": 2}