{"is_leaf": true, "keys": [[1270, [1270, "Margarita Bel\u00e9n", 3640, "H", "Chaco", 11, "AR", "Argentina", -27.2616, -58.97219, "Q383019"]], [1271, [1271, "Mariano I. Loza", 3638, "W", "Corrientes", 11, "AR", "Argentina", -29.37667, -58.19436, "Q5997783"]]], "children": [], "next_leaf": 1098, "size": 2}