{"is_leaf": true, "keys": [[1073, [1073, "Etruria", 3642, "X", "C\u00f3rdoba", 11, "AR", "Argentina", -32.94008, -63.2466, "Q1442288"]], [1077, [1077, "Felipe Yofr\u00e9", 3638, "W", "Corrientes", 11, "AR", "Argentina", -29.10226, -58.33772, "Q21828202"]]], "children": [], "next_leaf": 778, "size": 2}