{"is_leaf": true, "keys": [[1105, [1105, "General Jos\u00e9 de San Mart\u00edn", 3640, "H", "Chaco", 11, "AR", "Argentina", -26.53743, -59.34158, "Q2220740"]], [1106, [1106, "General Levalle", 3642, "X", "C\u00f3rdoba", 11, "AR", "Argentina", -34.01472, -63.92413, "Q938803"]]], "children": [], "next_leaf": 851, "size": 2}