{"is_leaf": true, "keys": [[627, [627, "N\u2019dalatando", 217, "CNO", "Cuanza Norte Province", 7, "AO", "Angola", -9.29782, 14.91162, "Q985803"]], [628, [628, "Ondjiva", 215, "CNN", "Cunene Province", 7, "AO", "Angola", -17.06667, 15.73333, "Q635045"]]], "children": [], "next_leaf": 666, "size": 2}