{"is_leaf": true, "keys": [[1206, [1206, "Lago Puelo", 3651, "U", "Chubut", 11, "AR", "Argentina", -42.06684, -71.60384, "Q3825767"]], [1207, [1207, "Laguna Larga", 3642, "X", "C\u00f3rdoba", 11, "AR", "Argentina", -31.77652, -63.80104, "Q21838086"]]], "children": [], "next_leaf": 862, "size": 2}