{"is_leaf": true, "keys": [[31309, [31309, "Chorfa", 1104, "10", "Bou\u00efra", 4, "DZ", "Algeria", 36.36505, 4.32636, "Q23816562"]]], "children": [], "next_leaf": 389, "size": 1}