{"is_leaf": true, "keys": [[31316, [31316, "Djamaa", 1139, "30", "Ouargla", 4, "DZ", "Algeria", 33.53388, 5.99306, "Q3032751"]], [31317, [31317, "Djebilet Rosfa", 1106, "14", "Tiaret", 4, "DZ", "Algeria", 34.86375, 0.83496, "Q1649054"]]], "children": [], "next_leaf": 473, "size": 2}