{"is_leaf": true, "keys": [[1277, [1277, "Mendiolaza", 3642, "X", "C\u00f3rdoba", 11, "AR", "Argentina", -31.26738, -64.30087, "Q9031514"]], [1279, [1279, "Mercedes", 3638, "W", "Corrientes", 11, "AR", "Argentina", -29.18416, -58.07519, "Q1783539"]]], "children": [], "next_leaf": 1105, "size": 2}