{"is_leaf": true, "keys": [[31292, [31292, "Boumagueur", 1142, "05", "Batna", 4, "DZ", "Algeria", 35.5052, 5.5525, "Q1648911"]], [31293, [31293, "Boumahra Ahmed", 1137, "24", "Guelma", 4, "DZ", "Algeria", 36.45833, 7.51389, "Q1649113"]]], "children": [], "next_leaf": 359, "size": 2}