{"is_leaf": true, "keys": [[31250, [31250, "A\u00efn Temouchent", 1122, "46", "A\u00efn T\u00e9mouchent", 4, "DZ", "Algeria", 35.29749, -1.14037, "Q2876387"]]], "children": [], "next_leaf": 439, "size": 1}