{"is_leaf": true, "keys": [[849, [849, "Departamento de Capital", 3647, "K", "Catamarca", 11, "AR", "Argentina", -28.41667, -65.8, "Q858182"]], [864, [864, "Departamento de Col\u00f3n", 3642, "X", "C\u00f3rdoba", 11, "AR", "Argentina", -31.16667, -64.16667, "Q868409"]]], "children": [], "next_leaf": 831, "size": 2}