{"is_leaf": true, "keys": [[31252, [31252, "A\u00efn el Bya", 1101, "31", "Oran", 4, "DZ", "Algeria", 35.80389, -0.30178, "Q23826440"]], [31253, [31253, "BABOR - VILLE", 1141, "19", "S\u00e9tif", 4, "DZ", "Algeria", 36.48994, 5.5393, "Q23826440"]]], "children": [], "next_leaf": 283, "size": 2}