{"is_leaf": true, "keys": [[31390, [31390, "M\u00e9d\u00e9a", 1109, "26", "M\u00e9d\u00e9a", 4, "DZ", "Algeria", 36.26417, 2.75393, "Q1982137"]]], "children": [], "next_leaf": 434, "size": 1}