{"is_leaf": true, "keys": [[155, [155, "Bashkia Bulqiz\u00eb", 610, "09", "Dib\u00ebr County", 3, "AL", "Albania", 41.47152, 20.33192, "Q3301181"]], [156, [156, "Bashkia Devoll", 630, "06", "Kor\u00e7\u00eb County", 3, "AL", "Albania", 40.60078, 20.93814, "Q3301181"]]], "children": [], "next_leaf": 173, "size": 2}