{"is_leaf": true, "keys": [[119, [119, "Sar-e Pul", 3885, "SAR", "Sar-e Pol", 1, "AF", "Afghanistan", 36.21544, 65.93249, "Q1649301"]], [120, [120, "Sa\u1e5f\u014db\u012b", 3877, "PKA", "Paktika", 1, "AF", "Afghanistan", 32.75221, 69.04587, "Q6596821"]]], "children": [], "next_leaf": 47, "size": 2}