{"is_leaf": true, "keys": [[31432, [31432, "Sidi ech Chahmi", 1101, "31", "Oran", 4, "DZ", "Algeria", 35.65903, -0.52168, "Q2621177"]]], "children": [], "next_leaf": 476, "size": 1}