{"is_leaf": true, "keys": [[146190, [146190, "El Bour", 4902, "22", "Sidi Bel Abb\u00e8s", 4, "DZ", "Algeria", 32.16305556, 5.34527778, "Q12403129"]]], "children": [], "next_leaf": 495, "size": 1}