{"is_leaf": true, "keys": [[31418, [31418, "Saoula", 1115, "42", "Tipasa", 4, "DZ", "Algeria", 36.70456, 3.02462, "Q1884982"]]], "children": [], "next_leaf": 635, "size": 1}