{"is_leaf": true, "keys": [[726, [726, "Capay\u00e1n", 3647, "K", "Catamarca", 11, "AR", "Argentina", -28.77436, -66.04749, "Q21844014"]], [727, [727, "Capilla del Monte", 3642, "X", "C\u00f3rdoba", 11, "AR", "Argentina", -30.86088, -64.52515, "Q1020576"]]], "children": [], "next_leaf": 811, "size": 2}