{"is_leaf": true, "keys": [[1307, [1307, "Oncativo", 3642, "X", "C\u00f3rdoba", 11, "AR", "Argentina", -31.91353, -63.68201, "Q2106471"]]], "children": [], "next_leaf": 1282, "size": 1}