{"is_leaf": true, "keys": [[166, [166, "Bashkia Kolonj\u00eb", 630, "06", "Kor\u00e7\u00eb County", 3, "AL", "Albania", 40.3142, 20.61482, "Q16350064"]], [167, [167, "Bashkia Konispol", 634, "12", "Vlor\u00eb County", 3, "AL", "Albania", 39.70064, 20.13353, "Q16350064"]]], "children": [], "next_leaf": 214, "size": 2}