{"is_leaf": true, "keys": [[31382, [31382, "Merouana", 1142, "05", "Batna", 4, "DZ", "Algeria", 35.63106, 5.91186, "Q3174992"]]], "children": [], "next_leaf": 465, "size": 1}