{"is_leaf": true, "keys": [[31430, [31430, "Sidi Okba", 1114, "07", "Biskra", 4, "DZ", "Algeria", 34.74512, 5.89833, "Q2215485"]], [31431, [31431, "Sidi Senoussi \u0633\u064a\u062f\u064a \u0633\u0646\u0648\u0633\u064a", 1107, "13", "Tlemcen", 4, "DZ", "Algeria", 34.99691, -1.09449, "Q2215485"]]], "children": [], "next_leaf": 446, "size": 2}