{"is_leaf": true, "keys": [[31307, [31307, "Chiffa", 1111, "09", "Blida", 4, "DZ", "Algeria", 36.46293, 2.73873, "Q2963503"]]], "children": [], "next_leaf": 370, "size": 1}