{"is_leaf": true, "keys": [[31259, [31259, "Beja\u00efa", 1128, "06", "B\u00e9ja\u00efa", 4, "DZ", "Algeria", 36.75587, 5.08433, "Q59975"]], [31260, [31260, "Ben Mehidi", 1100, "36", "El Tarf", 4, "DZ", "Algeria", 36.76967, 7.90641, "Q253342"]]], "children": [], "next_leaf": 356, "size": 2}