{"is_leaf": true, "keys": [[31232, [31232, "Ammi Moussa", 1130, "48", "Relizane", 4, "DZ", "Algeria", 35.86781, 1.11143, "Q4747238"]], [31233, [31233, "Annaba", 1103, "23", "Annaba", 4, "DZ", "Algeria", 36.9, 7.76667, "Q45942"]]], "children": [], "next_leaf": 267, "size": 2}