{"is_leaf": true, "keys": [[31474, [31474, "\u2019A\u00efn el Bell", 1098, "17", "Djelfa", 4, "DZ", "Algeria", 34.34381, 3.22475, "Q599887"]]], "children": [], "next_leaf": 600, "size": 1}