{"is_leaf": true, "keys": [[31438, [31438, "Souma", 1111, "09", "Blida", 4, "DZ", "Algeria", 36.51833, 2.90528, "Q23788953"]]], "children": [], "next_leaf": 354, "size": 1}