{"is_leaf": true, "keys": [[31338, [31338, "El Khroub", 1121, "25", "Constantine", 4, "DZ", "Algeria", 36.26333, 6.69361, "Q391129"]], [31339, [31339, "El Kseur", 1128, "06", "B\u00e9ja\u00efa", 4, "DZ", "Algeria", 36.67942, 4.8555, "Q1649095"]]], "children": [], "next_leaf": 279, "size": 2}