{"is_leaf": true, "keys": [[31428, [31428, "Sidi Moussa", 1111, "09", "Blida", 4, "DZ", "Algeria", 36.60637, 3.08783, "Q2215533"]], [31429, [31429, "Sidi M\u00e9rouane", 1132, "43", "Mila", 4, "DZ", "Algeria", 36.52056, 6.26111, "Q2215533"]]], "children": [], "next_leaf": 314, "size": 2}