{"is_leaf": true, "keys": [[31371, [31371, "L\u2019Arbaa Na\u00eft Irathen", 1131, "15", "Tizi Ouzou", 4, "DZ", "Algeria", 36.63112, 4.19864, "Q764741"]], [31372, [31372, "Makouda", 1125, "35", "Boumerd\u00e8s", 4, "DZ", "Algeria", 36.78567, 4.06273, "Q3280947"]]], "children": [], "next_leaf": 345, "size": 2}