{"is_leaf": true, "keys": [[31347, [31347, "Gharda\u00efa", 1127, "47", "Gharda\u00efa", 4, "DZ", "Algeria", 32.49094, 3.67347, "Q622841"]]], "children": [], "next_leaf": 403, "size": 1}