{"is_leaf": true, "keys": [[1213, [1213, "Lapachito", 3640, "H", "Chaco", 11, "AR", "Argentina", -27.15997, -59.38605, "Q1657314"]], [1215, [1215, "Las Acequias", 3642, "X", "C\u00f3rdoba", 11, "AR", "Argentina", -33.28155, -63.9761, "Q9020363"]]], "children": [], "next_leaf": 867, "size": 2}