{"is_leaf": true, "keys": [[695, [695, "Berrotar\u00e1n", 3642, "X", "C\u00f3rdoba", 11, "AR", "Argentina", -32.451, -64.38867, "Q8247020"]], [696, [696, "Ber\u00f3n de Astrada", 3638, "W", "Corrientes", 11, "AR", "Argentina", -27.55067, -57.5346, "Q55856"]]], "children": [], "next_leaf": 731, "size": 2}