{"is_leaf": true, "keys": [[31475, [31475, "\u2019A\u00efn el Hadjar", 1123, "20", "Sa\u00efda", 4, "DZ", "Algeria", 34.75846, 0.14528, "Q599887"]], [31476, [31476, "\u2019A\u00efn el Hammam", 1131, "15", "Tizi Ouzou", 4, "DZ", "Algeria", 36.56471, 4.30619, "Q599887"]]], "children": [], "next_leaf": 435, "size": 2}