{"is_leaf": true, "keys": [[31296, [31296, "Bo\u00fb Arfa", 1111, "09", "Blida", 4, "DZ", "Algeria", 36.46298, 2.81464, "Q23820810"]], [31297, [31297, "Brezina", 1129, "32", "El Bayadh", 4, "DZ", "Algeria", 33.09892, 1.26082, "Q2924791"]]], "children": [], "next_leaf": 329, "size": 2}