{"is_leaf": true, "keys": [[31267, [31267, "Berrahal", 1103, "23", "Annaba", 4, "DZ", "Algeria", 36.83528, 7.45333, "Q1649131"]]], "children": [], "next_leaf": 425, "size": 1}