{"is_leaf": true, "keys": [[1156, [1156, "Inriville", 3642, "X", "C\u00f3rdoba", 11, "AR", "Argentina", -32.94424, -62.23028, "Q9008605"]]], "children": [], "next_leaf": 1044, "size": 1}