{"is_leaf": true, "keys": [[86, [86, "Kh\u0101sh", 3896, "NIM", "Nimruz", 1, "AF", "Afghanistan", 31.52919, 62.79055, "Q21752345"]], [87, [87, "Kh\u014dst", 3878, "KHO", "Khost", 1, "AF", "Afghanistan", 33.33951, 69.92041, "Q386682"]]], "children": [], "next_leaf": 45, "size": 2}