{"is_leaf": true, "keys": [[1161, [1161, "Itat\u00ed", 3638, "W", "Corrientes", 11, "AR", "Argentina", -27.27043, -58.24458, "Q549659"]]], "children": [], "next_leaf": 1274, "size": 1}